country,ISO3,I_VE0,I_VE0_min,I_VE0_max,Ires_VE0,Ires_VE0_min,Ires_VE0_max,D_VE0,D_VE0_min,D_VE0_max,Ires2_VE0,Ires2_VE0_min,Ires2_VE0_max,I_VE1,I_VE1_min,I_VE1_max,Ires_VE1,Ires_VE1_min,Ires_VE1_max,D_VE1,D_VE1_min,D_VE1_max,Ires2_VE1,Ires2_VE1_min,Ires2_VE1_max,I_VE2,I_VE2_min,I_VE2_max,Ires_VE2,Ires_VE2_min,Ires_VE2_max,D_VE2,D_VE2_min,D_VE2_max,Ires2_VE2,Ires2_VE2_min,Ires2_VE2_max,I_VE3,I_VE3_min,I_VE3_max,Ires_VE3,Ires_VE3_min,Ires_VE3_max,D_VE3,D_VE3_min,D_VE3_max,Ires2_VE3,Ires2_VE3_min,Ires2_VE3_max,I_avd_VE1,I_avd_VE1_min,I_avd_VE1_max,Ires_avd_VE1,Ires_avd_VE1_min,Ires_avd_VE1_max,D_avd_VE1,D_avd_VE1_min,D_avd_VE1_max,Ires2_avd_VE1,Ires2_avd_VE1_min,Ires2_avd_VE1_max,I_avd_VE2,I_avd_VE2_min,I_avd_VE2_max,Ires_avd_VE2,Ires_avd_VE2_min,Ires_avd_VE2_max,D_avd_VE2,D_avd_VE2_min,D_avd_VE2_max,Ires2_avd_VE2,Ires2_avd_VE2_min,Ires2_avd_VE2_max,I_avd_VE3,I_avd_VE3_min,I_avd_VE3_max,Ires_avd_VE3,Ires_avd_VE3_min,Ires_avd_VE3_max,D_avd_VE3,D_avd_VE3_min,D_avd_VE3_max,Ires2_avd_VE3,Ires2_avd_VE3_min,Ires2_avd_VE3_max
Angola,AGO,21544597.131869722,16894935.972666327,27405770.53507202,24177.346901384197,16482.95127257185,36142.731851489596,62156.067386176575,43921.40019145052,88056.63114055042,1057513.6603936567,724285.5811174627,1609383.0947847352,19188474.53486923,15108145.152907705,24465454.260027405,21533.306123030252,14721.741597012417,32232.761468376106,55358.6641201566,39062.87630541582,78610.05996788836,1005793.8685082262,689590.2466338653,1534876.9521557363,18402084.91110357,14476990.209597982,23564054.07581877,20650.819687240422,14120.696389585166,30910.39313977598,53089.93353552828,37587.08443694809,75728.64086433475,1011346.0046080451,693790.1281554487,1543182.9188474172,17677408.047157865,13862020.8316612,22487957.421200357,19837.587310520557,13524.01624285319,29656.635578324865,50999.24398988889,36032.558450404766,72264.8915292335,868128.533398678,594531.7671244222,1321187.0010300127,2356122.597000491,1786790.8197586238,2940316.2750446144,2644.0407783539463,1761.2096755594307,3909.970383113488,6797.403266019975,4858.5238860347035,9446.571172662072,51719.79188543054,34695.33448359743,74506.14262899921,3142512.220766152,2417945.7630683463,3841716.4592532488,3526.527214143774,2362.254882986682,5232.338711713615,9066.133850648299,6334.315754502433,12327.990276215674,51719.79188543054,30495.45296201398,66200.17593731817,3867189.0847118553,3032915.1410051277,4917813.113871664,4339.759590863641,2958.9350297186593,6486.096273164729,11156.823396287684,7888.841741045756,15791.739611316927,51719.79188543054,129753.8139930405,288196.0937547225
Benin,BEN,11909241.680586115,9829143.621336173,14897992.582844619,21674.819858666728,14286.913169829539,35054.591585871305,30487.65870230045,22858.492736795633,42189.6499843545,560349.4254976095,389762.8246811759,852389.5227444929,9663960.946133494,7946618.887305357,12033841.569981158,17588.408921962957,11643.964838085514,27830.183148393735,24739.74002210175,18566.689295524706,33989.05101372685,511655.7639314863,354998.63660573255,777412.9010016582,8917073.66573536,7281016.885400622,11113710.470275842,16229.074071638353,10945.198575558861,25253.074355350356,22827.708584282525,17255.744185208678,31113.06769932817,516293.59139307274,358620.4492100944,785508.3253131498,8304192.374772649,6852878.035783204,10389083.136118747,15113.63012208622,9965.579273019563,24451.6004470492,21258.732479417984,15933.528242699194,29433.496653614413,391320.716602877,272293.31306145346,595331.0337701838,2245280.7344526206,1882524.7340308176,2864151.012863462,4086.4109367037695,2642.948331744025,7224.4084374775675,5747.918680198703,4291.8034412709285,8200.59897062765,48693.66156612321,34764.188075443286,74976.62174283463,2992168.0148507534,2548126.735935551,3784282.1125687766,5445.745787028372,3341.7145942706775,9801.517230520947,7659.950118017926,5602.748551586956,11076.582285026328,48693.66156612321,31142.37547108147,66881.19743134294,3605049.3058134653,2976265.585552969,4508909.446725871,6561.189736580505,4321.333896809975,10602.991138822103,9228.926222882466,6924.964494096439,12756.153330740086,48693.66156612321,117469.51161972241,257058.48897430897
Botswana,BWA,1408.4327510286168,1161.368154484289,1940.6766291194613,0.3451371151532393,0.2178532666788276,0.5538681901693258,3.6055878426328216,2.640006561909032,5.3350683244973,50.392743584482304,32.06369059630691,82.65431057189595,1105.8302654957793,903.3488711278319,1537.1693783918615,0.270984232228067,0.1702401025813043,0.43561132665476293,2.8309254796688665,2.0647132107655004,4.210796482691075,45.81516834376997,29.068231835449595,75.2804360768976,1007.8430808745485,823.6254352301332,1398.3243811454413,0.24697242605737096,0.15490581363110434,0.4002473459359972,2.5800782870384746,1.8757589194106838,3.8271803655396885,46.37827909866863,29.450572695143965,76.37416938174515,873.2317233994509,720.0508995579437,1203.2251757378401,0.21398584891913977,0.1350694364073033,0.3433998877629414,2.2354732119022667,1.6368090619442002,3.3077600679983745,31.243715744825863,19.879595198609092,51.246085442111,302.6024855328377,258.0192833564572,403.5072507275997,0.07415288292517228,0.04761316409752328,0.11825686351456284,0.7746623629639551,0.5752933511435319,1.1242718418062254,4.577575240712337,2.9954587608573235,7.373874494998348,400.5896701540684,337.7427192541559,542.3522479740197,0.09816468909586835,0.06294745304772326,0.1536208442333286,1.0255095555943472,0.7642476424983481,1.5078879589576113,4.577575240712337,2.613117901162952,6.280141190150804,535.201027629166,441.3172549263453,737.4514533816209,0.13115126623409953,0.0827838302715243,0.21046830240638442,1.370114630730555,1.0031974999648319,2.0273082564989258,4.577575240712337,12.184095397697824,31.408225129784952
Burkina Faso,BFA,20670821.70242911,16430171.560404187,27447863.39217148,91764.23716886483,63671.38524450333,148062.9727890841,72647.27180541852,52192.62002591899,106840.61111669056,2815792.433687162,1907414.7251288972,4576174.4200970195,15998227.23381798,12679505.5334211,21216497.99324551,71021.13013692858,48976.30417721986,115572.2316736577,56225.51338263664,40948.31836825679,82807.00842336181,2526563.756714159,1704089.5375567533,4145355.0364809604,14437567.66879091,11480333.453604395,19293892.58716534,64092.87462165935,43700.46629701375,103990.79450561162,50740.600337166165,36832.602699321105,74836.18080847242,2556276.130901359,1721291.9054413266,4188617.1712013367,13188423.294614153,10480434.492633857,17518425.604293916,58547.5323870718,40605.52179911863,94475.94225876607,46350.50244065322,33272.60544453571,68244.76887011639,1801277.873205502,1219718.4102846386,2927585.150553355,4672594.468611128,3750666.0269830865,6231365.39892597,20743.10703193624,14695.08106728347,32490.741115426405,16421.758422781884,11244.30165766221,24033.602693328758,289228.6769730032,203325.18757214403,430819.3836160591,6233254.033638196,4949838.1067997925,8153970.805006137,27671.36254720547,19970.918947489587,44072.178283472495,21906.67146825236,15360.017326597892,32004.430308218154,289228.6769730032,186122.81968757065,387557.2488956825,7482398.4078149535,5949737.067770329,9929437.787877562,33216.70478179302,23065.863445384704,53587.030530318036,26296.769364765307,18920.014581383293,38595.84224657418,289228.6769730032,687696.3148442586,1648589.2695436643
Burundi,BDI,8662845.11010352,6904233.87903689,11532124.279403223,72473.36219112604,47649.275356955855,115249.15341773457,22176.883481865014,15700.590417349547,31524.50623438355,1112593.9645963078,733025.327335686,1787075.7293738336,6629479.1314187795,5284277.428614469,8926005.574240146,55462.22241344952,36413.18760794204,87625.79133673703,16971.466576432078,11986.858427867182,24320.658411492677,986691.2407773832,642253.6460749401,1592557.6157435973,5957055.557799975,4795010.016795645,8028318.625855592,49836.72679655459,33087.686396190074,78972.7494042893,15250.062227967937,10750.160082452601,22163.89306122694,995509.6179187013,651415.5065482752,1609907.1587236219,5415070.23426242,4314824.467678318,7211436.444255445,45302.4775798394,29779.844967316538,72057.62077377482,13862.579799711795,9810.439369307374,19717.637277553895,696445.8278332433,458698.69288446935,1118890.2073767984,2033365.9786847404,1619956.450422421,2606118.7051630775,17011.13977767653,11236.08774901382,27623.362080997533,5205.416905432934,3713.731989482366,7203.847822890872,125902.72381892463,90771.68126074589,194518.11363023645,2705789.5523035447,2109223.862241245,3503805.6535476316,22636.635394571455,14561.588960765788,36276.40401344528,6926.8212538970765,4950.430334896946,9360.61317315661,125902.72381892463,81609.82078741069,177168.57065021183,3247774.8758411007,2589409.411358572,4320687.835147778,27170.884611286645,17869.43038963932,43191.53264395975,8314.303682153219,5890.151048042173,11806.868956829654,125902.72381892463,274326.63445121667,668185.5219970354
Cameroon,CMR,14878558.092371225,12094931.141684186,19384257.406354945,61572.43290559607,40229.24015825191,95912.35693354408,38089.10871647034,27332.25967143223,54908.34420270422,1576877.551307868,1041375.4475423519,2481907.353152469,12407641.316885542,10063973.780604526,16120920.777756918,51346.95564971119,33935.441775496314,80193.92495847771,31763.561771226992,22638.66579025473,45524.83656506637,1457922.4735135064,970038.2032883768,2311546.3851658823,11591689.223711045,9437298.463707017,15097073.17583634,47970.27390412406,31615.627487083675,74503.4540493452,29674.724412700278,21210.49408847873,42545.8402900363,1468943.9706058986,975649.0018024807,2324318.3430864145,10782601.969348978,8764652.172481636,14051553.040042222,44622.001149822376,29156.048407301674,69523.13634459945,27603.461041533385,19803.487098586877,39804.70663550208,1143657.7017952404,755306.9590933637,1800687.521209096,2470916.775485684,2030957.3610796575,3263336.628598024,10225.477255884884,6293.798382755594,15718.431975066374,6325.546945243352,4693.593881177499,9383.507637637846,118955.07779436163,71337.24425397514,170360.96798658627,3286868.8686601804,2657632.677977168,4287184.230518606,13602.15900147201,8613.612671168235,21408.90288419889,8414.384303770066,6121.765582953501,12362.503912667917,118955.07779436163,65726.44573987124,157589.01006605424,4095956.123022248,3330278.969202549,5332704.366312724,16950.43175577369,11073.191750950238,26389.22058894464,10485.647674936958,7528.772572845352,15103.637567202139,118955.07779436163,286068.4884489881,681219.8319433727
Central African Republic,CAF,3667294.1416924875,2868462.835920264,5351559.252848957,0.0,0.0,0.0,9762.922089546095,6535.673206672425,15388.034385673925,322597.01299530186,207208.6119431462,552354.7320478973,3278208.4684155155,2580714.041484717,4781241.665119512,0.0,0.0,0.0,8727.11395210322,5892.6540167077965,13735.331666613847,307210.20786292467,197384.40326671457,527098.9578389142,3149298.105425096,2492937.313770153,4574840.921218427,0.0,0.0,0.0,8383.9339993139,5683.467903972841,13179.794334341752,309262.5013746293,198734.079668628,529741.1803139033,3053349.453124203,2388068.4567619325,4456886.238419217,0.0,0.0,0.0,8128.503379129653,5440.4005334283,12816.005264222105,268756.1125391788,172614.96019075756,460327.8194111539,389085.6732769721,287748.7944355471,570317.587729445,0.0,0.0,0.0,1035.8081374428762,643.019189964629,1652.702719060078,15386.805132377165,9824.208676431666,25255.774208983054,517996.03626739123,375525.52215011104,776718.3316305295,0.0,0.0,0.0,1378.988090232195,852.2053026995851,2208.2400513321722,15386.805132377165,8474.532274518222,22613.551733994063,613944.688568285,480394.37915833155,894673.0144297399,0.0,0.0,0.0,1634.4187104164425,1095.2726732441258,2572.02912145182,15386.805132377165,34593.65175238867,92026.91263674344
Chad,TCD,9443245.714316117,6981207.491790101,13166269.868395094,0.0,0.0,0.0,29656.563433157637,21282.98087608572,46351.20984256838,663802.6048438759,380894.9429328472,1130619.1556331408,8075267.979143953,6033663.843356773,11257447.721182298,0.0,0.0,0.0,25360.422073966212,18188.76674841093,39521.04456981207,620867.9563066578,362744.05444232246,1060048.7029347448,7622559.443689321,5623570.915033588,10641964.626951622,0.0,0.0,0.0,23938.688508557825,17148.81340263978,37237.76626810909,626539.0589866464,364764.13344932115,1068689.684109741,7258295.831185077,5365477.384131002,10122288.863524385,0.0,0.0,0.0,22794.716694476356,16355.661991368283,35638.48959388969,510568.5676748203,292925.98987696774,869857.0603265341,1367977.7351721644,947543.648433328,1908822.147212795,0.0,0.0,0.0,4296.141359191422,3094.2141276747916,6830.165272756312,42934.64853721814,18150.88849052475,70570.45269839623,1820686.270626796,1357636.5767565132,2524305.2414434715,0.0,0.0,0.0,5717.8749245998115,4134.167473445943,9113.443574459287,42934.64853721814,16130.809483526065,61929.47152339999,2184949.88313104,1615730.1076590994,3043981.004870708,0.0,0.0,0.0,6861.846738681279,4927.318884717438,10712.720248678686,42934.64853721814,87968.95305587946,260762.09530660682
Comoros,COM,7559.241341239908,6490.893743308514,8749.54940863956,29.7243113612712,20.9180010527179,41.768123802453104,19.3516578335735,14.151404463489,24.966055749345198,571.1520154946674,400.82309306581897,810.1789165362026,6019.608601578098,5169.616698286416,6976.235990527921,23.6701954956956,16.6955648516439,33.134357917756304,15.410198020039399,11.2107189223272,19.903036433466,516.7769108935553,362.5065856804112,731.625972941227,5517.418298665875,4713.99530070553,6418.570603758983,21.6954919173171,15.3278647547344,30.520348032986803,14.1245908445843,10.205453010414857,18.3686115498761,521.0481870387096,365.6776002507629,738.2781353567976,4989.214767606803,4284.080510907041,5774.853223888305,19.6184995961871,13.8061918586471,27.5676803228367,12.772389805073,9.3401008023726,16.4780508966448,376.9757583257775,264.5540632697293,534.7419806074793,1539.6327396618099,1321.2770450220978,1773.3134181116375,6.0541158655756,4.222436201074,8.6337658846968,3.9414598135341006,2.9406855411617996,5.0630193158792,54.37510460111205,38.31650738540779,78.55294359497557,2041.8230425740328,1776.898442602984,2330.9788048805754,8.028819443954099,5.590136297983499,11.2477757694663,5.2270669889892005,3.9459514530741435,6.5974441994691,54.37510460111205,35.145492815056095,71.90078117940499,2570.0265736331053,2206.8132324014728,2974.696184751254,10.1058117650841,7.1118091940707995,14.2004434796164,6.5792680285005005,4.8113036611163995,8.4880048527004,54.37510460111205,136.26902979608968,275.4369359287234
Congo,COG,2360720.8020653804,1830299.2875573884,3206173.2317213197,3127.955062736629,2053.699404365343,5016.837600672748,6043.445253287375,4269.6755049515505,8910.818861952475,159313.9657335192,106423.37793775377,257106.23500317606,1915866.332217873,1495741.9068361996,2586604.7895090366,2538.5228901886812,1676.913819937579,4063.851415075354,4904.617810477755,3494.882283874455,7207.5153301613755,145780.90427064677,96665.15157317289,234772.31111175395,1768580.2152204276,1387557.5261240366,2372464.98203382,2343.368785167066,1566.08234785368,3769.150954811619,4527.565350964294,3255.500832219354,6619.037739652932,147278.80492782017,97656.8198870698,237599.79435606994,1635080.1780763825,1267510.2062235347,2221180.7014540136,2166.4812359512066,1422.3072990857634,3475.70803729812,4185.80525587554,2956.7469192276176,6173.89939292257,110424.94748865314,73762.9127620919,178253.300193999,444854.46984750766,334557.38072118885,619568.442212283,589.4321725479477,376.7855844277638,952.9861855973933,1138.8274428096197,774.7932210770952,1703.3035317911,13533.061462872429,9758.226364580882,22333.923891422095,592140.586844953,442741.76143335184,833708.2496875,784.5862775695629,487.61705651166295,1247.6866458611285,1515.8799023230802,1014.1746727321962,2291.781122299543,13533.061462872429,8766.558050683974,19506.440647106134,725640.623988998,562789.0813338538,984992.5302673061,961.4738267854225,631.3921052795796,1541.1295633746277,1857.6399974118349,1312.9285857239322,2736.9194690299055,13533.061462872429,32660.465175661862,78852.93480917705
CÃ´te d'Ivoire,CIV,17305132.91450863,11911044.510057215,17894942.4502974,0.0,0.0,0.0,49137.85567453887,30068.41715881739,57580.479729962564,804985.5717494105,447482.94272595056,1006597.7629886136,14085828.630910527,9695424.182474347,14618089.972338187,0.0,0.0,0.0,39996.654041395566,24568.71748838315,47092.28339501711,739588.6528642504,407641.90965767077,934158.6985625322,13019022.971200675,8883976.772805853,13514188.071866658,0.0,0.0,0.0,36967.4636388385,22709.456168858807,43676.93441744719,748288.5760207209,413348.1896147497,943914.3773284062,12061173.515704803,8298558.803568921,12472253.399214122,0.0,0.0,0.0,34247.65394222351,20946.78632869421,40135.28764277714,561708.560073676,312122.1790436895,701920.7223970909,3219304.2835981008,2215620.3275828683,3276852.477959213,0.0,0.0,0.0,9141.2016331433,5499.699670434238,10488.196334945458,65396.91888516008,39841.03306827977,72439.06442608133,4286109.943307954,3027067.7372513614,4380754.378430743,0.0,0.0,0.0,12170.392035700374,7358.960989958582,13903.545312515373,65396.91888516008,34134.75311120089,62683.385660207365,5243959.398803826,3612485.7064882936,5422689.051083276,0.0,0.0,0.0,14890.201732315361,9121.63083012318,17445.19208718543,65396.91888516008,135360.76368226108,304677.04059152276
Democratic Republic of the Congo,COD,69003092.15110128,59259955.14547682,83690184.28742768,49742.60405442513,33890.46497316712,76062.9080104133,176647.91590681928,133552.4641072609,237246.4142612164,5467732.8768155025,3723516.8386169476,8245826.276892966,58212227.75487882,49944882.49945711,70286754.30697887,41963.73968279827,28714.266976178944,64009.651824427434,149023.3030524898,113124.45899511203,199730.15717072255,5095397.258719803,3468214.2193050915,7665223.175003921,54628455.85198515,46882042.42672687,65902388.481287345,39380.28811229979,26916.355182461608,59977.864718322526,139848.846981082,106109.24221293058,187393.5649555528,5141080.046718328,3497899.061163972,7746793.56598568,51115933.344705254,43893945.10435581,62008962.56516423,36848.1984498644,25105.38575551178,56341.67033931867,130856.78936244546,98915.32062481131,175784.69779713947,4053854.5170929153,2760780.2045242777,6112919.256090144,10790864.396222452,9315072.6460197,13403429.980448812,7778.864371626858,5176.197996988182,12053.256185985872,27624.61285432948,20428.00511214888,37516.25709049385,372335.61809570005,255302.61931185622,580603.1018890444,14374636.299116122,12377912.718749942,17787795.80614034,10362.315942125337,6974.109790705519,16085.043292090777,36799.06892573727,27443.22189433033,49852.849305663585,372335.61809570005,225617.77745297586,499032.71090728574,17887158.80639602,15366010.041120997,21681221.722263448,12894.405604560727,8785.079217655348,19721.237671094634,45791.12654437381,34637.14348244959,61461.716464076926,372335.61809570005,962736.6340926699,2132907.020802821
Equatorial Guinea,GNQ,704486.0210534272,548282.6005900407,982510.5335020155,0.0,0.0,0.0,1803.4842138967736,1287.5510585278662,2767.5508048408665,64802.362503525655,40445.59171535615,104658.952408468,617398.1485699905,477130.7471554205,861995.2475536838,0.0,0.0,0.0,1580.5392603391756,1136.4840858594562,2434.6440562369344,61431.440592767314,38192.09434172095,99699.63118061179,588544.807795035,459466.4059800277,815803.5912169183,0.0,0.0,0.0,1506.6747079552893,1086.044213557503,2293.4461174429343,61875.51111276759,38547.00447233538,100390.25245751342,555499.1248333497,432291.91658691654,774908.9902365066,0.0,0.0,0.0,1422.077759573375,1015.0946624217308,2182.8285306971143,51124.51428472528,31908.22500287187,82578.96281748216,87087.87248343672,71151.8534346202,120515.28594833173,0.0,0.0,0.0,222.944953557598,151.0669726684098,332.9067486039326,3370.921910758346,2253.4973736352017,4959.321227856213,115941.21325839232,88816.19461001299,166706.94228509726,0.0,0.0,0.0,296.8095059414843,201.50684497036295,474.1046873979327,3370.921910758346,1898.5872430207717,4268.699950954588,148986.89622007753,115990.68400312417,207601.54326550904,0.0,0.0,0.0,381.40645432339846,272.4563961061352,584.7222741437525,3370.921910758346,8537.366712484283,22079.98959098584
Eritrea,ERI,408001.3760925391,321057.13155955076,505766.6440942788,84.4562848511552,51.041143346127896,123.1437824876225,1044.4835227968997,739.0457803875812,1409.8497958067023,1718.4021882311117,1053.2387489152522,2516.6594162942056,314312.0417359012,247283.0996664789,389262.68531655124,65.062592639331,39.4532548860398,94.6964974092794,804.6388268439067,570.9790283712332,1082.855878207645,1534.5671325464318,946.0022468700131,2244.7040444772656,283662.8702092039,221990.1026145261,351607.75955260766,58.7182141333047,35.4667076748663,85.5328335475244,726.1769477355616,512.8807398019372,979.6935024884281,1549.622313042487,951.444619907546,2271.657546030931,253056.68331533298,199118.309581945,313715.5954703852,52.3827334462734,31.6575713092466,76.38017323144629,647.8251092872521,458.3433776672599,874.5129275608016,1066.1279065612564,653.4551242364744,1561.4585477400121,93689.33435663788,73774.03189307185,116503.95877772757,19.3936922118242,11.5878884600881,28.447285078343103,239.8446959529931,168.06675201634798,326.9939175990572,183.83505568467967,107.23650204523906,271.9553718169396,124338.50588333518,99067.02894502463,154158.88454167117,25.738070717850498,15.574435671261602,37.610948940098105,318.3065750613382,226.165040585644,430.15629331827415,183.83505568467967,101.79412900770623,245.00187026327464,154944.6927772061,121938.82197760575,192051.04862389358,32.0735514048818,19.3835720368813,46.7636092561762,396.65841350964774,280.7024027203213,535.3368682459006,183.83505568467967,399.78362467877787,955.2008685541932
Eswatini,SWZ,88.65244653369919,74.6076784328975,103.1574134482973,0.006973094682955174,0.004508328813105086,0.010162821190444187,0.22695026312627092,0.16886070043853108,0.2930159895330689,0.4501074596393638,0.28434691797980566,0.6577319816754744,73.781522288742,62.0584060076894,85.7397229029914,0.00580339923925728,0.0037426566689890816,0.008479095205565917,0.1888806970591807,0.1399486465674731,0.24532176470457268,0.41870234721243293,0.2639892458535764,0.6136507700493421,68.973322412674,58.302156430538,79.8071816970664,0.005425202874674705,0.0034829860705620943,0.007903553355344654,0.1765717053764464,0.13087844166808413,0.23007105633051905,0.4222776555981348,0.2659735157386966,0.6186592076735761,61.347543206898905,51.6285523583373,71.3849912139904,0.0048253854696021295,0.003119765915177379,0.007032678099895069,0.1570497106096627,0.11685168013372413,0.20276725995141825,0.3114748011197119,0.196768328151343,0.45515117909009956,14.870924244957196,12.549272425208098,17.4176905453059,0.0011696954436978945,0.0007656721441160039,0.0016837259848782693,0.03806956606709022,0.02891205387105799,0.047694224828496216,0.03140511242693094,0.02035767212622921,0.04408121162613227,19.679124121025197,16.305522002359503,23.3502317512309,0.0015478918082804688,0.001025342742542991,0.0022592678350995326,0.05037855774982456,0.03798225877044696,0.06294493320254985,0.03140511242693094,0.018373402241109036,0.03907277400189834,27.304903326800297,22.979126074560202,31.7724222343069,0.0021477092133530442,0.0013885628979277065,0.003130143090549117,0.06990055251660826,0.05200902030480697,0.09024872958165066,0.03140511242693094,0.08757858982846264,0.20258080258537486
Ethiopia,ETH,7067505.767028157,5399589.025994105,9106891.591062471,15464.291577071492,10015.215671278815,23477.330056793515,18092.814763592083,12329.845432813714,25171.376034786535,155997.04904080584,101742.60468050258,241020.7443497688,5941209.596603676,4551641.635359143,7692917.726521036,12999.86169816853,8438.693885593744,19713.546177130702,15209.496567305412,10328.55544147267,21166.922350977165,143545.0085492245,93375.51935932464,221859.32927064993,5573845.16840434,4253086.688035778,7185820.425188974,12196.037715566032,7943.109427421989,18573.468453342168,14269.04363111511,9686.638979654257,19810.062177201507,144039.48051406207,93607.79835075239,222886.09628234914,5230766.986668259,3996262.394801438,6740301.011127161,11445.354064079014,7412.365468646986,17376.15015018311,13390.763485870746,9125.113865322737,18630.555251632308,115469.17535298169,75308.61038422833,178407.86274708025,1126296.170424481,847947.3906349624,1413973.864541436,2464.4298789029626,1576.5217856850693,3763.7838796628125,2883.318196286671,2001.2899913410424,4004.45368380937,12452.04049158135,8367.085321177947,19161.41507911888,1493660.5986238173,1146502.3379583277,1921071.1658734982,3268.253861505459,2072.106243856825,4903.861603451344,3823.771132476972,2643.206453159455,5361.313857585028,12452.04049158135,8134.806329750205,18134.648067419665,1836738.7803598975,1403326.6311926679,2366590.579935311,4018.937512992478,2602.850202631828,6101.179906610402,4702.051277721337,3204.7315674909764,6540.820783154228,12452.04049158135,26433.994296274257,62612.88160268856
Gabon,GAB,806657.1625168074,628504.4969597487,1162361.3127853458,0.0,0.0,0.0,2065.042336043027,1452.1696341910408,3117.349965119878,57855.586682692636,36581.920465040836,106230.07705805896,664130.2062957041,515339.1798905089,962301.3566238981,0.0,0.0,0.0,1700.1733281170023,1194.594761282166,2583.445670594068,53498.15170622395,33477.5411478099,98687.91418176137,617699.6375271985,479093.097248705,902724.7771211497,0.0,0.0,0.0,1581.311072069628,1112.2368289439175,2409.552093142387,54080.08803384773,33906.9386836881,99723.61521291411,565134.7399696355,440275.3220172507,814504.1170264897,0.0,0.0,0.0,1446.7449343222665,1017.2035094904766,2184.786461535005,40560.13298060016,25646.05245291492,74475.49265178296,142526.95622110332,113165.31706923974,200059.95616144757,0.0,0.0,0.0,364.8690079260248,257.5748729088749,533.9042945258102,4357.434976468691,3104.3793172309406,7542.16287629759,188957.52498960894,149411.39971104366,259636.53566419613,0.0,0.0,0.0,483.73126397339894,339.9328052471232,707.7978719774907,4357.434976468691,2674.9817813527407,6506.461845144843,241522.42254717194,188229.1749424979,347857.195758856,0.0,0.0,0.0,618.2974017207603,434.96612470056425,932.5635035848728,4357.434976468691,10935.868012125922,31754.584406275993
Gambia,GMB,461167.8940436937,385244.61287918733,605390.6470616437,717.7900898523139,484.4775743396894,1082.6056648468348,2611.0275241544723,1976.913288249199,3619.4402701880026,8888.774351822896,5957.738613037265,13408.343141099427,370780.7950554481,308664.5891848494,483356.17921699653,577.1060467039939,388.6359371792378,871.6077710579284,2099.2763672874594,1581.1880500684415,2921.773721649216,8056.4832945560465,5351.193672148049,12212.142512199141,340997.3283349371,284611.0926724997,446084.66487931355,530.7492262714694,360.7894277019925,796.5307320530856,1930.6491658356927,1450.6570438410288,2684.8876414564993,8100.788009161071,5387.663360431521,12290.069439446494,310168.3819453964,259102.52302370802,407227.3035986122,482.7651569448564,325.8326270366157,728.1262861967564,1756.1026967440112,1329.4169336346504,2434.90867897381,5982.144248035822,4009.5998619840243,9024.957156578886,90387.09898824563,76580.02369433793,122034.46784464715,140.6840431483201,95.8416371604516,210.99789378890634,511.7511568670128,395.7252381807577,697.6665485387864,832.2910572668496,606.5449408892155,1196.200628900286,120170.56570875664,100633.52020668756,159305.98218233016,187.0408635808446,123.68814663769692,286.0749327937492,680.3783583187795,526.2562444081703,934.552628731503,832.2910572668496,570.0752526057437,1118.273701652934,150999.5120982973,126142.08985547928,198163.34346303152,235.02493290745758,158.6449473030737,354.4793786500785,854.9248274104609,647.4963546145487,1184.5315912141923,832.2910572668496,1948.1387510532404,4383.3859845205425
Ghana,GHA,9318810.406682923,7864023.505512912,11778283.751175545,5398.212140896292,3691.6674167617975,8103.662544393228,23856.154641108285,17564.02826688589,33119.52496155804,1251724.6318577195,816787.1794168325,1914219.7602299445,7084208.899085933,5949339.500654156,9014768.875321032,4103.749386323623,2784.94567416418,6179.702864439949,18135.57478165999,13345.878426293399,25131.35453793565,1118403.7890458177,726378.2599611867,1715287.0651841424,6351892.133844709,5291578.35945539,8075701.806066265,3679.5320151587302,2451.1548395332916,5585.636798687991,16260.843862642458,11944.471253059384,22736.536156484734,1135357.1821983836,734108.764933562,1742800.7108864973,5671755.876032807,4785981.720771847,7168915.431793406,3285.5418335631293,2246.9856297286437,4932.62790789005,14519.695042643987,10687.66007553953,20163.127253602157,762502.7383555325,497606.5797048029,1166262.5392095626,2234601.507596989,1914684.004858756,2763514.8758545113,1294.4627545726685,906.7217425976171,1923.9596799532787,5720.579859448294,4218.149840592489,7988.170423622387,133320.84281190197,90408.91945564591,198932.695045802,2966918.272838214,2572445.146057522,3702581.9451092794,1718.6801257375616,1240.512577228506,2518.0257457052367,7595.310778465829,5619.557013826504,10382.988805073303,133320.84281190197,82678.4144832705,171419.04934344723,3647054.5306501156,3078041.7847410645,4609368.319382139,2112.6703073331623,1444.6817870331536,3171.0346365031783,9336.459598464298,6876.368191346359,12956.39770795588,133320.84281190197,319180.5997120296,747957.2210203819
Guinea,GIN,10402674.22218237,8442532.191320827,14297511.398446418,3685.5188672873946,2451.9089162660594,5755.014624382564,26630.84600878687,19166.88934431316,40342.72910183541,689090.4564203273,433102.34796238795,1080668.2664149331,9208038.692839544,7495791.178609215,12601860.409121368,3262.276565463087,2176.3460515358092,5065.620352392769,23572.579053669233,16964.778601218888,35634.38698950118,654384.2424639984,408919.29158740613,1031357.6120199753,8812445.251436206,7183500.118575774,11973107.505331218,3122.123460508764,2080.3680108963395,4824.872690974065,22559.85984367669,16258.96478219888,33843.31284541805,658824.2024691501,411119.3280410073,1038134.3064508971,8453648.783751082,6860019.343036223,11620663.141358716,2995.006997671752,1992.431245674334,4677.127941568823,21641.340886402773,15573.137869574315,32794.6966437541,560352.9458503819,352242.2170450756,878918.616366147,1194635.5293428262,946741.0127116131,1695650.9893250512,423.2423018243076,275.5628647302502,689.3942719897952,3058.266955117637,2202.1107430942734,4708.342112334225,34706.21395632895,24183.05637498182,49310.65439495781,1590228.9707461654,1259032.072745054,2324403.8931151996,563.3954067786304,371.54090536971984,930.1419334084986,4070.9861651101796,2907.9245621142804,6499.416256417362,34706.21395632895,21983.01992138069,42533.95996403597,1949025.438431288,1582512.848284605,2676848.257087703,690.5118696156426,459.4776705917253,1077.886682813741,4989.505122384097,3593.7514747388436,7548.03245808131,34706.21395632895,80860.13091731232,201749.65004878616
Guinea-Bissau,GNB,394005.3280272831,290235.9932732809,805441.4624830785,753.0688716343141,521.8504291928637,1725.332778661172,2510.610766520678,1639.0005751225385,5442.78190798663,29180.598428145327,18351.112161475347,66655.96871934416,327462.4505538412,242741.8225866473,661999.2263257314,625.8843741425559,430.7209037341551,1423.2818241161049,2086.5980622850616,1382.573111161851,4502.1647479446,26883.13253882068,16796.8087386679,61424.619979304014,305604.25721574936,221498.6530242784,620617.3458085384,584.1064492715968,393.9350958269726,1320.2965057023675,1947.317165232056,1309.887171450322,4200.51119857781,27128.79371502375,16877.900205006306,62090.54712896098,288652.08134926006,212608.6102212756,590469.8187454611,551.7054763826219,382.30882408436617,1264.814032202858,1839.2975212859892,1200.5397206327748,3990.559392274475,21392.914578529126,13456.504866947893,48925.57279749657,66542.8774734419,47494.17068663361,143442.2361573471,127.1844974917582,91.1295254587085,302.05095454506704,424.01270423561664,256.42746396068725,940.6171600420303,2297.465889324646,1554.3034228074469,5231.348740040156,88401.07081153369,68737.3402490025,184824.11667454013,168.9624223627173,127.91533336589102,405.03627295880455,563.2936012886223,329.1134036722166,1242.27070940882,2297.465889324646,1473.211956469043,4565.421590383191,105353.24667802302,77627.3830520053,214971.64373761733,201.3633952516922,139.54160510849744,460.518746458314,671.3132452346889,438.46085448976373,1452.2225157121554,2297.465889324646,4894.607294527455,17730.3959218476
Kenya,KEN,5544392.664502172,4237838.632260162,8081125.059308227,9516.025943173845,6190.358712284851,15615.032768926721,19634.77374864457,13311.086924999505,30544.9341803645,404627.54994331725,257394.25256853187,667795.6949789259,4297096.485858911,3297929.116348144,6226902.936749797,7375.249935229139,4768.3111421998,12140.242925488292,15217.630204319436,10371.356505410338,23672.424145024816,362628.33129332564,229960.31619646048,599998.3937349741,3888355.838269666,2973682.1006778376,5681101.641365947,6673.714737083468,4241.44747684341,11022.136147996855,13770.126280459113,9481.861324354595,21758.473687459395,367102.56086877437,231544.74525510942,606216.8106013725,3527783.1700294763,2696149.471722694,5142652.0553529,6054.851847493894,3938.8384238614776,9936.362639162318,12493.203235998499,8468.644184754747,19438.53477013948,257549.0030447265,163844.72812081908,425114.43745294417,1247296.1786432608,939909.5159120187,1854222.1225584294,2140.7760079447066,1422.0475700850511,3474.78984343843,4417.143544325133,2939.7304195891675,6872.510035339685,41999.21864999164,27433.9363720714,67797.30124395178,1656036.8262325057,1264156.531582325,2400023.41794228,2842.311206090377,1948.9112354414403,4592.896620929869,5864.647468185456,3829.2256006449097,8786.460492905106,41999.21864999164,25849.50731342247,61578.88437755343,2016609.4944726957,1541689.160537469,2938473.003955327,3461.1740956799517,2251.520288423373,5678.670129764405,7141.57051264607,4842.442740244759,11106.399410225018,41999.21864999164,93549.52444771279,242681.25752598175
Liberia,LBR,3669301.064435426,2909255.54452845,4989054.454141809,29802.063245344536,18343.7640388776,48586.98812911176,9393.410724954692,6310.502683261198,14141.078297791815,671295.0237758355,418581.28895247646,1122512.2376556357,3090342.3157137586,2455656.575082006,4207690.148592363,25099.76028822715,15515.339558719403,41174.849193569404,7911.276328227223,5323.102472287697,11868.418060972886,623378.3083382722,389168.2958377891,1049534.408737857,2898622.833358155,2303879.993129112,3931164.5844325186,23542.614652534932,14536.756801531175,38548.59323973117,7420.474453396877,4996.204348215733,11205.096461675057,627608.8802461614,391062.6212102922,1056161.858055625,2703988.161215806,2143485.129014909,3677766.902831212,21961.791845394775,13517.58093639118,35814.34775779373,6922.209692712463,4648.971946844522,10426.39417615046,495177.12737377506,308747.5498562528,828426.8251401554,578958.7487216677,453598.969446444,781364.3055494456,4702.302957117385,2828.4244801582004,7412.138935542359,1482.1343967274702,987.4002109735017,2272.660236818929,47916.71543756334,29412.99311468737,72977.82891777871,770678.2310772713,605375.5513993382,1057889.86970929,6259.448592809604,3807.0072373464272,10038.394889380595,1972.9362715578156,1314.2983350454654,2935.9818361167586,47916.71543756334,27518.66774218422,66350.37960001049,965312.9032196205,765770.4155135413,1311287.5513105965,7840.271399949759,4826.183102486424,12772.640371318037,2471.2010322422293,1661.5307364166767,3714.684121641355,47916.71543756334,109833.73909622364,294085.41251548036
Madagascar,MDG,8585218.223541595,7178230.558903826,10456335.298040712,0.0,0.0,0.0,21978.158652266484,16757.403265789606,30261.8684063665,233428.5887608115,147099.30758268829,329498.91652606055,7440338.9973636065,6219055.206227791,9057387.3127289,0.0,0.0,0.0,19047.267833250833,14533.087984570571,26193.18431235678,219794.64513069147,138726.18888408606,310050.94952051574,7063009.263515094,5920092.88989021,8610738.666244566,0.0,0.0,0.0,18081.30371459864,13821.441060365247,24861.62176452251,221572.20666413518,139891.79364447156,312632.8033428635,6699191.233815919,5601087.426074514,8159676.593250046,0.0,0.0,0.0,17149.929558568754,13075.2808038916,23616.077062128046,182209.49857250767,114816.36092548983,257207.6283943659,1144879.2261779893,959175.3526760368,1398947.985311813,0.0,0.0,0.0,2930.8908190156526,2224.3152812190337,4068.6840940097172,13633.943630120026,8373.11869860223,19447.96700554476,1522208.9600265007,1258137.6690136169,1845596.6317961456,0.0,0.0,0.0,3896.854937667842,2935.9622054243587,5400.246641843987,13633.943630120026,7207.513938216735,16866.113183197005,1886026.9897256768,1577143.1328293134,2296658.7047906676,0.0,0.0,0.0,4828.229093697731,3682.1224618980054,6645.791344238455,13633.943630120026,32282.946657198463,72291.28813169463
Malawi,MWI,9509853.649040915,7516439.99403494,13876815.688426543,12861.126074962935,8695.430717000618,22223.534341500366,24345.22534154475,17876.308094309734,40098.14664825334,769536.4844668237,497886.1955609432,1348593.0038664506,7401942.206664134,5870433.863775975,10730396.957363226,10010.386640292574,6638.299045287162,17218.815800280627,18948.972049060187,13726.62986271233,31163.884494147245,694656.9114306213,442000.6823963881,1212200.777748072,6704211.143026203,5321560.625109372,9610631.008684047,9066.775149828634,5985.312623624828,15769.571941663675,17162.78052614708,12493.334396935752,27947.26155113622,703173.299337829,447994.8352276739,1228275.904799124,5980103.365235465,4725839.195216057,8730874.323615655,8087.491791144441,5468.209116567772,13980.372258291785,15309.06461500279,11238.331758359847,25231.530115609876,484423.3377612202,313474.98410663474,849502.6527355803,2107911.4423767817,1646006.1302589655,3146418.731063316,2850.7394346703595,2057.131671713455,5004.7185412197405,5396.25329248456,4149.678231597404,8934.262154106094,74879.57303620254,55885.5131645551,136392.22611837854,2805642.506014713,2194879.3689255686,4266184.679742496,3794.3509251342984,2710.1180933757887,6453.962399836692,7182.444815397668,5382.973697373982,12150.885097117118,74879.57303620254,49891.360333269324,120317.09906732655,3529750.283805452,2790600.798818884,5145941.364810888,4773.634283818494,3227.2216004328457,8243.162083208583,9036.160726541959,6637.976335949887,14866.616532643464,74879.57303620254,184411.21145430848,499090.3511308703
Mali,MLI,19111343.334293045,15971729.034605993,24508706.992461264,5241.604431818534,3160.648900784941,8037.746955197326,48925.0389357902,35799.9720611904,69151.45916915862,932530.4485859234,558913.4471032311,1465125.7474630624,15426549.351247288,12930733.958739977,19672879.004954886,4230.988268735231,2544.5965303129765,6535.874722593056,39491.966339193066,29001.214140977532,55441.64049282709,851990.482210851,508912.2199376153,1349431.6809355712,14199950.394435368,11896313.110186018,18116386.245982133,3894.5730615136295,2339.0775202923382,6025.637502481414,36351.87300975455,26670.53751841846,51118.49454149956,862216.2027165374,515693.908566684,1364126.1426987075,13245820.341813292,11067580.736252936,16989949.555418752,3632.8869924144938,2190.164032300843,5571.962118598964,33909.30007504203,24805.246652087913,47950.076653147524,647195.4589178638,387763.19387244736,1017312.8801736061,3684793.9830457545,3040995.0758660166,4835827.987506377,1010.6161630833034,616.0523704719642,1501.8722326042707,9433.07259659714,6798.757920212865,13709.818676331539,80539.96637507249,50001.227165615805,115694.0665274912,4911392.939857676,4075415.9244199763,6392320.746479131,1347.0313703049046,821.5713804926027,2012.1094527159119,12573.16592603566,9129.43454277194,18032.964627659072,80539.96637507249,43219.53853654709,100999.60476435491,5865522.992479751,4904148.298353057,7518757.43704251,1608.7174394040405,970.484868484098,2465.7848365983623,15015.738860748175,10994.725409102486,21201.38251601111,80539.96637507249,171150.25323078374,447812.86728945636
Mauritania,MRT,288858.1017983144,209206.77970266948,414564.8748570777,0.0,0.0,0.0,1722.6840025491813,1175.4398552210228,2707.4656767621063,15784.956326029782,9456.16687738822,27156.714150252214,242819.37867819017,175715.63378067175,348265.90285001846,0.0,0.0,0.0,1448.1195318866799,988.5333527887519,2257.200265173658,14708.679045977946,8673.3003839299,25235.008133601987,227680.49449193856,163636.2499612788,325605.4418073911,0.0,0.0,0.0,1357.8346707671892,928.4360512316769,2126.743838141436,14847.86905001524,8799.149520764495,25404.94460503739,210343.40403566806,152337.55597799696,301904.2884142021,0.0,0.0,0.0,1254.4402075555656,855.8984376458019,1971.803193391279,11496.820167406502,6887.278609603051,19781.858019470536,46038.723120124276,33491.14592199772,66298.9720070593,0.0,0.0,0.0,274.56447066250155,186.90650243227083,450.2654115884482,1076.277280051836,782.8664934583205,1921.7060166502254,61177.60730637588,45570.52974139068,88959.43304968668,0.0,0.0,0.0,364.849331781992,247.003803989346,580.7218386206702,1076.277280051836,657.0173566237265,1751.7695452148212,78514.69776264638,56869.22372467251,112660.58644287565,0.0,0.0,0.0,468.2437949936157,319.5414175752209,735.6624833708273,1076.277280051836,2568.888267785169,7374.856130781678
Mozambique,MOZ,25703803.600737244,21713975.47312867,31779630.506625995,15409.430258641698,10538.778298053947,23375.507835430002,65801.73721788736,48358.0145514989,90056.11039870432,2257023.595800549,1522496.9041267575,3405000.3527364545,21895911.545498412,18538353.501662176,26997960.598717038,13126.598971526058,8971.245138200831,19868.859935250046,56053.53355647594,41088.17412698243,76490.10406397615,2110959.0943400776,1417461.3839041516,3181188.694678259,20631161.352975603,17489487.002858713,25451916.810342513,12368.38123110865,8469.02089952009,18717.89514614864,52815.77306361755,38626.79938502777,72762.78086335682,2129339.7552991603,1430950.2350596192,3208457.5914422935,19453360.598357584,16434158.125286877,24054720.150688022,11662.289678715159,7975.428207553281,17691.86799957208,49800.60313179541,36590.40428347284,68174.35121281787,1709729.3239796818,1153190.074073208,2579752.9699551985,3807892.0552388327,3175621.971466491,4781669.9079089565,2282.831287115639,1567.533159853117,3506.6479001799557,9748.203661411422,7269.840424516471,13566.006334728168,146064.50146047113,105035.52022260585,223811.65805819508,5072642.247761642,4224488.470269956,6327713.696283482,3041.0490275330494,2069.757398533857,4657.612689281362,12985.964154269812,9731.215166471127,17293.329535347504,146064.50146047113,91546.66906713828,196542.76129416085,6250443.002379661,5279817.347841791,7724910.355937973,3747.14057992654,2563.3500905006667,5683.639835857919,16001.134086091948,11767.61026802606,21881.75918588645,146064.50146047113,369306.8300535494,825247.3827812558
Namibia,NAM,27910.420160631325,23757.55183298633,32642.716651706673,8.8616775937974,6.0623741880579285,12.5972186591711,71.4506756112155,54.6593338434243,93.29127569836581,633.3812826278736,425.739024016784,910.1830808732404,21525.69262618611,18321.969324027472,25110.99029452863,6.834499335323787,4.647964463485312,9.7276515539826,55.1057731230359,42.2546805965969,71.7034145359939,567.2697778045446,379.85672858835403,816.3450522532329,19455.174108469444,16560.63861520906,22733.219497964434,6.177100863699253,4.185220300861707,8.81439073538425,49.8052457176814,38.1460128669917,64.9655330609986,574.9590359746148,385.9319005993542,828.5421758768557,17528.56722876724,14920.409275673775,20500.582123549102,5.565394951726186,3.8073293424065127,7.9114653323864,44.8731321056435,34.327387564785,58.59020577656,397.7974184163691,267.38582619432543,571.6482180708707,6384.727534445214,5435.582508958856,7531.726357178041,2.0271782584736138,1.414409724572616,2.8695671051885,16.3449024881796,12.404653246827401,21.5878611623719,66.11150482332897,45.88229542843002,93.8380286200076,8455.246052161881,7196.91321777727,9909.497153742239,2.684576730098147,1.8771538871962212,3.782827923786849,21.645429893534104,16.513320976432603,28.325742637367203,66.11150482332897,39.80712341742982,81.64090499638482,10381.852931864087,8837.142557312553,12142.134528157567,3.296282642071214,2.255044845651416,4.6857533267847,26.577543505572002,20.3319462786393,34.701069921805804,66.11150482332897,158.3531978224586,338.5348628023698
Niger,NER,24147894.34529598,17758010.327968422,36402718.04142205,0.0,0.0,0.0,61818.60952395771,40383.18387318829,98990.63365840801,1205243.920009878,660604.086154361,2245107.092215997,19199972.976113528,14333881.986574095,29085018.11082325,0.0,0.0,0.0,49151.93081885063,32520.282333094026,78900.46567459636,1095574.8384530938,584409.6175150562,2045587.602584337,17539730.912660223,13278032.080219321,26739002.200424198,0.0,0.0,0.0,44901.71113641018,29847.203971595245,72139.17218482598,1109923.7762235084,593911.1412335301,2077357.2218865366,16252571.963320127,11946748.016202698,24511903.958377518,0.0,0.0,0.0,41606.58422609953,27167.840103485167,66671.62909067325,812269.4360700601,445222.107836627,1514151.274207759,4947921.369182453,3424128.341394327,7317699.930598792,0.0,0.0,0.0,12666.678705107079,7862.901540094257,20090.16798381164,109669.08155678431,76194.46863930486,199519.48963166028,6608163.432635756,4479978.2477491,9663715.840997849,0.0,0.0,0.0,16916.89838754753,10535.979901593038,26851.46147358203,109669.08155678431,66692.94492083097,167749.87032946036,7895322.381975854,5811262.311765723,11890814.083044525,0.0,0.0,0.0,20212.02529785819,13215.343769703119,32319.00456773476,109669.08155678431,215381.97831773406,730955.8180082381
Nigeria,NGA,149636041.26277602,123793955.18379156,184659642.80216557,737705.6834254835,511402.8407984823,1105999.3068624267,383068.2656327066,284128.14838763117,525273.3766092804,17973582.951392397,12407596.26079634,26780009.24821286,129364745.32937513,107745112.84053823,159466820.73246357,637768.1944738175,441091.2129720878,952820.6615535051,331173.74804320035,246286.5891758225,452846.86528823234,16864009.214120634,11592285.301867113,25177871.956937414,122648054.34891963,102380621.87059566,151050004.9760851,604654.907940172,419106.05538467725,899294.0122558328,313979.0191332343,232702.703634758,430600.94026152586,16965081.69517546,11673187.38732654,25336364.140469328,116220575.32661822,96139167.7833781,143425493.3981548,572967.4363602261,397202.27718242956,858959.8561431863,297524.67283614265,220643.110551537,408077.2023943756,13969723.181609593,9644009.381095352,20811298.283154987,20271295.933400888,16048842.343253333,25192822.069702,99937.48895166599,70311.62782639453,153178.6453089216,51894.517589506235,37841.55921180869,72426.51132104802,1109573.737271761,815310.9589292288,1602137.2912754444,26987986.91385639,21413333.313195903,33609637.82608048,133050.7754853115,92296.7854138051,206705.29460659396,69089.24649947231,51425.44475287318,94672.4363477545,1109573.737271761,734408.8734697998,1443645.10774353,33415465.936157804,27654787.400413476,41234149.404010765,164738.24706525737,114200.56361605274,247039.4507192404,85543.59279656394,63485.03783609417,117196.17421490475,1109573.737271761,2763586.8797009895,5968710.9650578685
Rwanda,RWA,5766679.703572722,4750312.376717918,6979670.01948934,35141.097626353236,23319.74682978018,50851.79653292245,14762.700041146169,10370.757256452587,20245.385670050266,337257.94268614304,227461.7562998359,498907.56055957003,4580173.433565106,3794108.7341464944,5523850.182038307,27910.744145339573,18621.31495434637,40581.97741046749,11725.243989926672,8265.760798937516,16065.283669832017,303791.2289063277,205717.59313012735,452755.074655096,4191475.364557974,3480451.965610468,5056263.503914377,25542.0887851863,17047.14715224554,37074.73063139346,10730.176933268414,7549.803519736832,14648.71879201952,304922.36585594306,205968.7537212741,454185.20116825006,3741471.397677815,3081384.4230835265,4529445.91074747,22799.846429921683,15126.736117130895,32997.88468445755,9578.166778055205,6726.598738136759,13139.501624869932,219010.1630509469,147661.64760542108,324080.2476727546,1186506.2700076157,956203.642571423,1455819.8374510326,7230.35348101366,4698.431875433811,10269.81912245497,3037.4560512194957,2104.9964575150707,4180.1020002182495,33466.71377981537,21744.16316970855,46152.48590447401,1575204.3390147479,1269860.4111074493,1923406.5155749621,9599.008841166933,6272.59967753464,13777.065901528997,4032.523107877754,2820.9537367157536,5596.666878030747,33466.71377981537,21493.002578561805,44722.35939131992,2025208.3058949073,1668927.9536343908,2450224.108741869,12341.25119643155,8193.010712649284,17853.911848464904,5184.5332630909625,3644.1585183158277,7105.884045180335,33466.71377981537,79800.1086944148,174827.31288681543
Sao Tome and Principe,STP,3268.0052687851044,2797.0957106092387,3832.276929253819,0.44227004637557793,0.2841954757200117,0.6277197114986159,8.3660934880895,6.126820485862512,10.9425564321113,13.012869932317045,8.56215515050244,18.350117852564736,2525.752299026019,2148.8963312084265,2959.2028120959612,0.3418184778015165,0.22119031827035823,0.48341565311894363,6.465925885506145,4.729199613236959,8.4440674686143,11.687942738904205,7.670646333558378,16.483546786123217,2281.788551265161,1932.7211724486733,2669.375382945592,0.30880205060454746,0.20265041413094817,0.43566448461264173,5.841378691238386,4.29340156728726,7.608487946132501,11.811852402090562,7.760368588040026,16.66786780504264,2000.1147155301983,1711.9014065784881,2345.4743494806576,0.2706821915017497,0.17393513894642493,0.38418502180474345,5.120293671756846,3.7497551138236593,6.697242028418,7.964548792220604,5.240423388135078,11.231312820294615,742.2529697590854,648.1993794008123,873.0741171578579,0.10045156857406146,0.06300515744965343,0.1443040583796724,1.900167602583355,1.3976208726255537,2.4984889634970004,1.324927193412839,0.8915088169440623,1.8665710664415207,986.2167175199436,864.3745381605654,1162.9015463082276,0.13346799577103047,0.0815450615890635,0.19205522688597426,2.5247147968511143,1.8334189185752523,3.3340684859787997,1.324927193412839,0.8017865624624139,1.6822500475220952,1267.8905532549063,1085.1943040307506,1486.8025797731618,0.17158785487382822,0.11026033677358674,0.2435346896938725,3.2457998163326547,2.3770653720388535,4.245314403693301,1.324927193412839,3.321731762367362,7.118805032270121
Senegal,SEN,1714103.2610834287,1391681.8070827215,2165629.8680541804,38.530060260004,26.4665803631897,59.616325534915305,7569.074085708769,5541.634897061674,10417.626884722913,21611.8931703534,14195.453278276325,33334.80211974635,1358339.5111815156,1104024.1232762241,1704377.9270729285,30.533109881774102,20.7677013102235,47.259132444652195,5998.105614232253,4380.744407351728,8233.629394084235,19621.593444350987,12776.85663090216,30543.446750956202,1241368.2109056409,1008967.836399671,1535376.340612988,27.903798479921,18.8757328638266,42.7159708139083,5481.588052081317,3989.5449440052735,7443.22481521208,19875.667729639226,12964.884354260621,30849.360665394583,1131774.8075335727,918863.9523966238,1430027.6481116724,25.44032936934,17.4748562060642,39.3670817641721,4997.649535504528,3658.663805537522,6879.090881314598,14274.615231115418,9376.28154703845,22018.811994938438,355763.7499019131,287657.68380649737,461251.9409812517,7.996950378229899,5.6988790529662,12.357193090263102,1570.9684714765167,1160.8904897099453,2183.9974906386765,1990.299726002414,1418.5966473741644,2791.3553687901517,472735.05017778766,382713.9706830504,630253.5274411922,10.626261780082999,7.590847499363101,16.900354721007,2087.486033627453,1552.0899530564002,2974.402069510832,1990.299726002414,1230.5689240157046,2485.4414543517714,582328.453549856,472817.8546860977,735602.219942508,13.089730890663999,8.9917241571255,20.2492437707432,2571.424550204242,1882.971091524152,3538.5360034083137,1990.299726002414,4819.171731237875,11315.990124807913
Sierra Leone,SLE,5399004.604922024,4107964.4144255347,7753044.298612019,0.0,0.0,0.0,33094.81744437789,23387.965024789602,52965.92744586461,816958.8557395625,513857.0753713293,1369490.2254264485,4193587.4778111647,3242270.32098647,6039459.918317955,0.0,0.0,0.0,25705.85175805644,18632.367874781612,40889.619453086365,740355.013707966,465043.96731009835,1255225.1636581402,3793047.716102092,2943165.4206469376,5491802.122514881,0.0,0.0,0.0,23250.623199649268,16850.523485654405,36709.13494240216,751341.6578187647,472301.34314310836,1270173.5096159622,3428480.3030906045,2606618.628373935,4929470.419243212,0.0,0.0,0.0,21015.897937739894,14834.459783807317,33722.36730550736,520862.50140976976,327512.1291569915,874530.0128692713,1205417.1271108587,865694.0934390647,1713584.380294064,0.0,0.0,0.0,7388.965686321448,4755.597150007991,12076.307992778244,76603.84203159656,48813.108061230945,114265.06176830835,1605956.8888199315,1164798.9937785969,2261242.176097138,0.0,0.0,0.0,9844.194244728622,6537.441539135199,16256.79250346245,76603.84203159656,41555.73222822092,99316.71581048625,1970524.3018314189,1501345.7860515998,2823573.879368807,0.0,0.0,0.0,12078.919506637996,8553.505240982286,19243.560140357247,76603.84203159656,186344.9462143378,494960.2125571772
South Africa,ZAF,628.0500274082841,532.0024935414033,729.6822994545003,0.0029151165318597513,0.001986121911339306,0.004118833950983654,7.6424793493741,5.582232433575116,10.024444669645,0.8608925971926938,0.5783243002743361,1.2368840099022955,498.3286334299076,422.3493694853197,579.0630559006097,0.0023130100696042754,0.0015747436566999422,0.0032763173088908772,6.063953704302796,4.4508720801580814,7.9416423622776,0.7823037285834027,0.5248662442108922,1.1265661758956078,456.4469620631005,386.0378298194574,528.7878310813965,0.002118614802897396,0.0014401215061895915,0.003008122516377617,5.554313079241414,4.0864053278612085,7.25068702388322,0.7923071173457231,0.5318176120490825,1.1402467877456102,412.0017011570543,348.9943235926225,478.67268908814196,0.0019123205441984644,0.0013028984506773388,0.0027019611677600395,5.013477200205396,3.661950726093181,6.5760525294355,0.5647477282799387,0.37938202089357265,0.811399142701306,129.72139397837648,109.65312405608361,150.6192435538906,0.0006021064622554762,0.00041137825463936374,0.0008425166420927768,1.5785256450713039,1.1313603534170342,2.0828023073674,0.07858886860929118,0.05345805606344399,0.11031783400668764,171.60306534518358,145.96466372194593,200.8944683731039,0.0007965017289623555,0.0005460004051497146,0.0011107114346060368,2.088166270132686,1.4958271057139072,2.7737576457617803,0.07858886860929118,0.046506688225253605,0.09663722215668545,216.0483262512298,183.00816994878082,251.00961036635832,0.001002795987661287,0.0006832234606619673,0.0014168727832236147,2.629002149168704,1.920281707481934,3.4483921402095,0.07858886860929118,0.19894227938076348,0.42548486720098966
South Sudan,SSD,7399176.235449225,5459413.530621351,10921101.17733473,9260.470880983254,6172.570566236302,15422.364813446857,25203.73786719919,18042.424848369363,40867.51635891608,631126.2325161553,400568.74972711183,1068914.7294351768,6509117.978839655,4814448.062235778,9585249.890869841,8146.514637013453,5411.716571908254,13607.13137935815,22171.941587141813,15848.370296466563,35945.56117010489,597389.9939634337,377715.08250154025,1016282.4302272131,6214791.1700593345,4578627.945210456,9099853.05836706,7778.148652007636,5127.429483010284,12976.488354467332,21169.37920725844,15046.224006168131,34315.2152318447,601429.1780379924,380036.02106301126,1022540.3185898773,5954838.0571767315,4393224.34163914,8792703.69292139,7452.803214128071,4967.62526837719,12415.412281848807,20283.90359397785,14516.977079526152,32906.0700766712,508347.1300879645,322655.18791607465,861435.1132287305,890058.2566095698,644965.4683855723,1335851.2864648893,1113.9562439698016,760.8539943280472,1815.2334340887073,3031.7962800573737,2194.0545519027987,4921.955188811192,33736.23855272166,22853.667225571604,52632.29920796369,1184385.0653898898,880785.585410895,1821248.1189676693,1482.3222289756188,1045.1410832260174,2445.8764589795246,4034.358659940746,2996.2008422012295,6552.301127071389,33736.23855272166,20532.728664100618,46374.410845299484,1444338.178272493,1066189.188982211,2128397.4844133393,1807.6676668551834,1204.945297859111,3006.9525315980486,4919.834273221336,3525.4477688432085,7961.446282244879,33736.23855272166,77913.56181103722,207479.6162064463
Togo,TGO,4025198.1443984183,3252820.6058898736,5045543.860434691,20655.304277980485,14202.31300693904,32396.844188042884,10304.507249659953,7323.375275958452,14005.26940344258,349985.139355534,235396.3582201116,552548.413255109,3215088.007283756,2580092.3477303036,4038607.828866512,16498.224109376595,11339.54303091408,25990.58843967252,8230.625298646417,5821.666687540048,11208.709611904955,316966.38964047737,212571.6084225062,502911.1320735441,2947349.6526842844,2367482.5002506906,3695642.739168463,15124.324742749406,10369.569149856932,23791.786249240427,7545.215110871768,5302.264444775669,10308.607217221228,319394.9809339178,213746.85035758434,505440.6060866387,2691929.910353734,2174973.308803785,3374141.354252383,13813.638334980187,9497.471404062426,21673.029660851695,6891.340570505559,4896.367101906865,9369.072027635251,234269.75535357083,157557.0531320034,370065.64323909004,810110.1371146624,672728.2581595698,1006936.0315681793,4157.0801686038885,2862.7699760249616,6406.255748370366,2073.881951013536,1501.7085884184046,2796.5597915376247,33018.74971505663,22824.749797605444,49637.28118156491,1077848.491714134,885338.1056391826,1349901.1212662284,5530.979535231078,3832.7438570821073,8605.057938802458,2759.2921387881843,2021.110831182783,3696.6621862213515,33018.74971505663,21649.507862527284,47107.807168470325,1333268.234044684,1077847.297086088,1671402.5061823083,6841.665943000298,4704.841602876615,10723.814527191189,3413.166679154393,2427.0081740515875,4636.197375807329,33018.74971505663,77839.3050881082,182482.77001601894
Uganda,UGA,30663023.996248733,25641584.018211078,42200903.533013746,169623.00721714203,115757.99138363235,276612.75578709994,78497.34143039676,60646.20792164624,116622.42589297859,5921706.878781781,4144939.873218443,9569614.45476449,23783386.208573554,19933275.42806773,32619363.730276022,131565.93723432126,90590.65667351938,214638.6990253221,60885.46869394829,47084.73508364244,89350.23384480186,5314872.551443199,3694211.298930736,8646459.447818166,21516952.879056904,18181135.1723392,29615977.189318527,119028.3859133294,83519.54234460158,191998.42495673863,55083.399370385676,41996.53654528681,80731.56562395775,5378129.228436388,3750955.4256680086,8730880.905333154,19533344.506676752,16333860.450581249,26892143.703901146,108055.37759864445,73745.70556755894,176285.98809076092,50005.36193709249,38622.83250611013,74336.66711280463,3777330.921762189,2644175.1066785855,6106790.162365176,6879637.787675179,5708308.590143346,9581539.802737726,38057.06998282077,25167.33471011297,61974.05676177786,17611.872736448466,13561.472838003801,27272.192048176734,606834.327338582,450728.5742877069,923155.0069463234,9146071.117191829,7460448.845871877,12584926.34369522,50594.62130381264,32238.449039030773,84614.33083036133,23413.942060011086,18649.671376359427,35890.860269020835,606834.327338582,393984.44755043404,838733.5494313345,11129679.489571981,9307723.567629829,15308759.8291126,61567.629618497594,42012.2858160734,100326.76769633903,28491.979493304265,22023.375415536106,42285.758780173965,606834.327338582,1500764.7665398573,3462824.2923993133
United Republic of Tanzania,TZA,17399705.925623197,13504151.356507897,23672820.822890684,46480.01443607456,30297.437225671223,75645.1089386808,59901.40855106768,42251.69637186042,91302.21603235336,1686978.648078487,1146186.5914741992,2742722.7762266016,13896012.870681858,10738707.166817188,18933514.900084194,37120.56293330929,24712.63921276206,60045.75021183924,47839.357041765354,33976.278778344116,72897.96387874779,1529989.8701822185,1037923.907173584,2471390.0582710914,12734660.089423807,9881108.914048582,17217562.830529608,34018.22923474041,22850.432341615007,55601.207780041295,43841.20513509366,31266.590912050888,65803.89099745447,1546043.1112432359,1048063.7281508893,2501493.6139406487,11771257.011782575,9134916.31109187,16018427.417126097,31444.680627198686,20493.784249127504,51179.04964990691,40524.528313092924,28578.664245782882,61783.666977450615,1142003.532745054,775843.3078145325,1856921.9456836425,3503693.054941341,2765444.18969071,4739305.922806488,9359.45150276527,5584.798012909165,15599.358726841561,12062.05150930232,8275.417593516304,18404.252153605565,156988.7778962685,108262.68430061534,271332.7179555097,4665045.836199392,3623042.442459315,6455257.992361078,12461.785201334153,7447.004884056218,20043.901158639503,16060.203415974016,10985.105459809527,25498.325034898884,156988.7778962685,98122.86332330997,241229.1622859525,5628448.913840623,4369235.045416027,7654393.405764585,15035.333808875874,9803.65297654372,24466.059288773886,19376.880237974754,13673.032126077534,29518.549054902745,156988.7778962685,370343.2836596668,885800.8305429587
Zambia,ZMB,7942272.017694358,6415982.012359829,10302491.896259826,11483.39072729768,7631.742257695291,17869.11519268887,20332.216365297558,14942.49120511007,29802.233160923253,732939.5938539726,496115.966090334,1174948.29670105,6139788.675474136,5010559.408084497,8069177.427245801,8877.257312067584,5999.921304716291,13776.457477950473,15717.859009213791,11493.700740328888,22905.90440798916,656920.5131512808,441939.7547723901,1063621.2282824176,5542051.036550181,4518130.893164366,7342996.779968167,8013.014077274829,5457.67398808446,12481.886464756837,14187.650653568466,10304.25702032391,20643.759576355467,665595.6243185019,446500.1093052859,1077732.0879792047,5056454.039657164,4084235.912020589,6560841.586534387,7310.910190767091,4858.089623019506,11378.693794495346,12944.522341522343,9511.169959038467,18979.946012630742,467028.3922652262,316112.73874324735,748632.3498156068,1802483.342220222,1405422.604275332,2233314.4690140244,2606.1334152300947,1631.8209529790001,4092.6577147383987,4614.357356083766,3448.790464781181,6896.32875293409,76019.08070269185,54176.21131794395,111327.06841863244,2400220.981144177,1897851.119195463,2959495.116291658,3470.37665002285,2174.068269610832,5387.2287279320335,6144.565711729091,4638.234184786159,9158.473584567784,76019.08070269185,49615.8567850481,97216.2087218452,2885817.9780371934,2331746.1003392395,3741650.309725438,4172.480536530587,2773.652634675785,6490.421398193526,7387.694023775214,5431.321246071601,10822.28714829251,76019.08070269185,180003.22734708668,426315.94688544306
Zimbabwe,ZWE,1650686.8454365972,1264853.8391872696,2106563.380896603,132.3533954592834,79.6245727382808,204.27466913107202,4225.758324317689,2800.4319753149234,5853.837881255698,4306.757827980373,2770.6390271636446,6622.685672034924,1285282.7127810991,978855.6055235228,1641791.8192798789,103.0549989732931,63.37299463924229,158.1839088061871,3290.323744719614,2183.4617117217567,4559.582443739183,3846.6399772281634,2486.887827231746,5930.020948943398,1165913.5078919653,897892.3675472987,1489242.18403515,93.4838803664971,58.5849197013078,142.6963972105543,2984.7385802034314,1991.3444904607636,4145.979729137036,3893.2162616681253,2512.642671756989,6001.327177127038,1083277.782591285,830002.3457771923,1382523.7479004588,86.85808162094949,52.252923728804596,134.0594482219092,2773.1911234336894,1837.6264221273625,3842.0058641095175,2827.2934458196896,1818.908433772589,4347.736521937093,365404.13265549805,285998.2336637466,464771.56161672436,29.2983964859903,16.251578099038504,46.0907603248849,935.434579598075,616.9702635931666,1294.2554375165148,460.11785075220973,283.75119993189884,692.6647230915261,484773.33754463197,366961.4716399708,617321.1968614532,38.8695150927863,21.039653036973,61.5782719205177,1241.0197441142577,809.0874848541598,1707.8581521186625,460.11785075220973,257.99635540665577,621.3584949078861,567409.0628453123,434851.49341007724,724039.6329961446,45.4953138383339,27.3716490094762,70.2152209091628,1452.5672008839992,962.8055531875611,2011.8320171461803,460.11785075220973,951.7305933910557,2274.949150097831
