,country,I_VE0,I_VE0_min,I_VE0_max,Ires_VE0,Ires_VE0_min,Ires_VE0_max,D_VE0,D_VE0_min,D_VE0_max,Ires2_VE0,Ires2_VE0_min,Ires2_VE0_max,I_VE1,I_VE1_min,I_VE1_max,Ires_VE1,Ires_VE1_min,Ires_VE1_max,D_VE1,D_VE1_min,D_VE1_max,Ires2_VE1,Ires2_VE1_min,Ires2_VE1_max,I_VE2,I_VE2_min,I_VE2_max,Ires_VE2,Ires_VE2_min,Ires_VE2_max,D_VE2,D_VE2_min,D_VE2_max,Ires2_VE2,Ires2_VE2_min,Ires2_VE2_max,I_VE3,I_VE3_min,I_VE3_max,Ires_VE3,Ires_VE3_min,Ires_VE3_max,D_VE3,D_VE3_min,D_VE3_max,Ires2_VE3,Ires2_VE3_min,Ires2_VE3_max,I_avd_VE1,I_avd_VE1_min,I_avd_VE1_max,Ires_avd_VE1,Ires_avd_VE1_min,Ires_avd_VE1_max,D_avd_VE1,D_avd_VE1_min,D_avd_VE1_max,Ires2_avd_VE1,Ires2_avd_VE1_min,Ires2_avd_VE1_max,I_avd_VE2,I_avd_VE2_min,I_avd_VE2_max,Ires_avd_VE2,Ires_avd_VE2_min,Ires_avd_VE2_max,D_avd_VE2,D_avd_VE2_min,D_avd_VE2_max,Ires2_avd_VE2,Ires2_avd_VE2_min,Ires2_avd_VE2_max,I_avd_VE3,I_avd_VE3_min,I_avd_VE3_max,Ires_avd_VE3,Ires_avd_VE3_min,Ires_avd_VE3_max,D_avd_VE3,D_avd_VE3_min,D_avd_VE3_max,Ires2_avd_VE3,Ires2_avd_VE3_min,Ires2_avd_VE3_max,Pop1
0,Angola,1456.5248858044697,1142.184025890211,1852.7701657475882,1.6345122268497756,1.1143317544095501,2.443433407477409,4.202067850124105,2.969311145929657,5.953078344017562,71.493328652828,48.96540728377893,108.80252315692988,1297.2389555300497,1021.3878337508991,1653.989756881028,1.455761555895822,0.9952649783695701,2.179099424766775,3.742528646155362,2.640850098133269,5.314441849016583,67.99680636890353,46.61982533637196,103.76552709614458,1244.0749975343451,978.7185335963252,1593.050497152356,1.3961009622330416,0.9546312502588544,2.0897005668063895,3.5891508625991886,2.5410790246927055,5.119643189980622,68.37215914757292,46.90375879384969,104.32705289832356,1195.083137531435,937.1434603893339,1520.3008631077191,1.3411222969377763,0.914292622562029,2.0049401473916406,3.4478095632898365,2.4359851224409534,4.885476030860213,58.68992607439753,40.19338625446269,89.31899417859235,159.28593027442002,120.79619213931196,198.78040886656007,0.17875067095395386,0.11906677603997998,0.2643339827106343,0.45953920396874287,0.328461047796388,0.6386364950009789,3.4965222839244676,2.345581947406971,5.036996060785325,212.44988827012463,163.46549229388583,259.719668595232,0.23841126461673376,0.15970050415069573,0.3537328406710197,0.6129169875249166,0.42823212123695137,0.8334351540369396,3.4965222839244676,2.0616484899292375,4.475470258606329,261.4417482730346,205.04056550087702,332.469302639869,0.2933899299119992,0.20003913184752123,0.43849326008576855,0.7542582868342687,0.5333260234887034,1.067602313157349,3.4965222839244676,8.772021029316248,19.48352897833753,14791780.999999998
1,Benin,2528.333399624635,2086.7283387189286,3162.845565219258,4.601566787316837,3.033113334470456,7.442093887576325,6.472533503039066,4.852860677580372,8.956867618851339,118.96224847427538,82.74669319876956,180.96239522606945,2051.6600374823274,1687.0681178310988,2554.785970694762,3.7340212682178353,2.4720150949810584,5.908351132587947,5.252249695954759,3.941710305774734,7.215879499669524,108.62457843703514,75.36625201037225,165.04484967382382,1893.0957806276058,1545.7607350935325,2359.4420307686223,3.4454343207422427,2.3236669358403277,5.361230634853852,4.846325198406672,3.66339650575422,6.6053079061472495,109.60918974876463,76.13516324925634,166.76350920058815,1762.9810109800876,1454.866807319005,2205.60356310053,3.2086254399837593,2.1156936435051263,5.19107763052035,4.513231388109024,3.382689906742757,6.24873477699134,83.07743383568713,57.80790216307355,126.3888479959153,476.6733621423079,399.6602208878301,608.0595945244959,0.8675455190990002,0.5610982394893981,1.5337427549883773,1.2202838070843072,0.9111503718056376,1.7409881191818146,10.337670037240246,7.380441188397307,15.917545552245597,635.2376189970291,540.9676036253964,803.4035344506356,1.1561324665745933,0.7094463986301288,2.080863252722472,1.626208304632394,1.1894641718261516,2.3515597127040877,10.337670037240246,6.611529949513221,14.19888602548131,765.3523886445477,631.8615313999237,957.2420021187279,1.3929413473330763,0.9174196909653297,2.251016257055975,1.9593021149300411,1.470170770837615,2.7081328418599964,10.337670037240246,24.938791035696017,54.57354723015413,4710313.0
2,Botswana,3.6350878737630534,2.997427667211808,5.008780203566976,0.0008907800114438062,0.0005622673623469187,0.0014295034961926253,0.009305824956832288,0.006813712499117698,0.013769519459068206,0.1300609141585352,0.08275463119527922,0.21332625349326287,2.854087414261081,2.331494013339374,3.9673500656891596,0.0006993954775858682,0.000439380390770893,0.0011242890014025184,0.007306463780507519,0.005328911834640768,0.010867835345305344,0.11824644290557776,0.07502351601779035,0.19429468685307863,2.6011878517220235,2.1257321870293846,3.6089987241327233,0.0006374223195671417,0.00039980342994337664,0.0010330165019630589,0.006659040900407427,0.004841231146515795,0.009877743134925654,0.11969980095566762,0.07601031685844398,0.1971175526737424,2.253763302789074,1.858411977116881,3.105458349031372,0.0005522857686991213,0.0003486068255950561,0.0008862963225947441,0.005769634055139184,0.00422451463755968,0.008537147764930267,0.08063832096517945,0.05130814757680528,0.1322633428059627,0.7810004595019734,0.6659336538724339,1.041430137877817,0.00019138453385793804,0.00012288697157602566,0.000305214494790107,0.0019993611763247693,0.0014848006644769315,0.0029016841137628636,0.011814471252957474,0.0077311151774888814,0.019031566640184253,1.03390002204103,0.8716954801824232,1.399781479434253,0.0002533576918766646,0.00016246393240354205,0.00039648699422956655,0.0026467840564248614,0.0019724813526019037,0.003891776324142553,0.011814471252957474,0.006744314336835248,0.016208700819520503,1.3813245709739799,1.1390156900949266,1.9033218545356043,0.0003384942427446849,0.00021366053675186264,0.0005432071735978813,0.0035361909016931046,0.0025891978615580186,0.00523237169413794,0.011814471252957474,0.03144648361847394,0.0810629106873002,387454.9391760929
3,Burkina Faso,2411.397688583356,1916.6958282616692,3201.9875790741326,10.7049479013992,7.427717843913917,17.27259397271182,8.47481855512724,6.08863861840676,12.463713654080095,328.4821215078163,222.51343103623068,533.843142669044,1866.3064646591436,1479.1540837526784,2475.0546909672903,8.285117617392144,5.7134326050727235,13.482319006676367,6.559104178929169,4.776911227142275,9.660023756439827,294.7415487737018,198.79410848580548,483.58501162790645,1684.2444778669335,1339.2621712244074,2250.7691594572016,7.476887563650651,5.0979687665851365,12.131262371408798,5.9192502422869735,4.296783857567434,8.730170286493736,298.2077075683915,200.80088648196738,488.63184591295266,1538.5229434277505,1222.6168787434653,2043.648366666023,6.829984134295606,4.736921580558612,11.021287497378548,5.407114243403972,3.881484975155624,7.961235420649257,210.13181587424066,142.2887874330273,341.5235333555085,545.091223924212,437.5417445089905,726.9328881068423,2.419830284007054,1.7142852388411929,3.7902749660354553,1.9157143761980693,1.3117273912644858,2.8036898976402673,33.74057273411451,23.7193225504252,50.258131041137496,727.1532107164221,577.4336570372616,951.2184196169304,3.2280603377485475,2.32974907732878,5.1413316013030235,2.5555683128402653,1.7918547608393258,3.7335433675863587,33.74057273411451,21.712544554263292,45.21129675609122,872.8747451556052,694.0789495182038,1158.339212408109,3.874963767103593,2.6907962633553053,6.251306475333273,3.0677043117232676,2.2071536432511363,4.502478233430837,33.74057273411451,80.22464360320338,192.3196093135354,8572133.0
4,Burundi,1737.977957018537,1385.1576634876844,2313.6253206034266,14.53992358841708,9.5596064786741,23.12179031937889,4.449223569967455,3.1499212684415534,6.324584619128361,223.21347790519812,147.06275417066715,358.5309659469869,1330.0351617140423,1060.1548998020578,1790.7743628199976,11.12707416289968,7.305373304386318,17.579870339818992,3.404890013987949,2.404856078661447,4.8793170929552305,197.95432159514507,128.85174160521177,319.5058893776406,1195.130597003991,961.9959270833979,1610.676472488798,9.998462574535388,6.6381966749297305,15.8438591392711,3.059534328330217,2.156744235901493,4.446617374839363,199.7235030699947,130.68983421168866,322.98663073690375,1086.3951257628833,865.6589974675821,1446.7899886537773,9.088781622132279,5.97456302852067,14.456515722988048,2.781171521952981,1.968213347441382,3.9558388170772867,139.7240146450269,92.02614233707531,224.47665772954556,407.9427953044947,325.00276368562663,522.8509577834291,3.4128494255174013,2.254233174287782,5.541919979559893,1.0443335559795064,0.7450651897801068,1.4452675261731303,25.259156310053072,18.211012565455388,39.02507656934641,542.8473600145462,423.1617364042864,702.9488481146286,4.541461013881694,2.9214098037443708,7.277931180107788,1.3896892416372388,0.9931770325400603,1.877967244288998,25.259156310053072,16.372919958978468,35.54433521008318,651.582831255654,519.4986660201022,866.8353319496492,5.451141966284801,3.585043450153432,8.665274596390837,1.6680520480144743,1.1817079210001713,2.368745802051074,25.259156310053072,55.03661183359184,134.0543082174414,4984439.0
5,Cameroon,1501.8006287957426,1220.8289997628162,1956.5934938634139,6.214951602166362,4.0606285764085746,9.68112884715175,3.8446096097171014,2.758842927260003,5.54229686356739,159.1656720621527,105.11356626240816,250.51688479734412,1252.3931026034684,1015.8297637487655,1627.2012926585435,5.182820122940672,3.4253499217127024,8.094553664443596,3.20612634266488,2.2850845026665327,4.595151476022093,147.15867450762374,97.91298152751325,233.32111842965494,1170.0331481650765,952.5748852098291,1523.856938803197,4.84198717815646,3.191194263926632,7.520173221364174,2.995284859302596,2.14092878902549,4.294459806087071,148.27115403425958,98.47932005872131,234.61028464569057,1088.3661116278067,884.6798232792406,1418.3250191369161,4.504021758619725,2.9429311334769546,7.017473684611033,2.786217245767185,1.9989093830440046,4.017777333199903,115.4376549810854,76.23860182270089,181.75643330673597,249.40752619227416,204.9992360140506,329.3922012048701,1.0321314792256906,0.6352786546958724,1.5865751827081558,0.6384832670522218,0.47375842459347006,0.9471453875452976,12.006997554528985,7.200584734894907,17.195766367689167,331.767480630666,268.25411455298706,432.7365550602167,1.3729644240099024,0.8694343124819434,2.1609556257875773,0.8493247504145054,0.6179141382345128,1.2478370574803195,12.006997554528985,6.634246203686838,15.906600151653588,413.43451716793595,336.1491764835755,538.2684747264977,1.710929843546637,1.117697442931621,2.6636551625407194,1.0583923639499162,0.7599335442159985,1.524519530367488,12.006997554528985,28.87496443970727,68.76045149060816,9907146.0
6,Central African Republic,2035.198926094123,1591.880077694446,2969.897483952773,0.0,0.0,0.0,5.4180242392596485,3.62703251432762,8.53973252387375,179.02820691285135,114.99234264026663,306.53438585869253,1819.2722199678321,1432.1912131547087,2653.3944445909297,0.0,0.0,0.0,4.843192898354335,3.2701830459427463,7.622549808491236,170.4891565745053,109.54030684071368,292.5184595212223,1747.732217398138,1383.478703309973,2538.850435819751,0.0,0.0,0.0,4.652741997938826,3.154093270881642,7.314249209095201,171.6280959095224,110.28932228851222,293.98478541051077,1694.4846221472055,1325.2807576536834,2473.3903896697752,0.0,0.0,0.0,4.510988404197741,3.019200777291677,7.112361087710263,149.14869941916785,95.79427447995185,255.46319643846772,215.92670612629104,159.68886453973735,316.503039361844,0.0,0.0,0.0,0.574831340905314,0.3568494683848737,0.9171827153825156,8.539050338346001,5.452035799552962,14.015926337470214,287.4667086959851,208.40137438447303,431.0470481330224,0.0,0.0,0.0,0.7652822413208226,0.4729392434459781,1.2254833147785502,8.539050338346001,4.703020351754405,12.549600448181822,340.7143039469176,266.5993200407626,496.5070942829981,0.0,0.0,0.0,0.9070358350619071,0.6078317370359435,1.427371436163489,8.539050338346001,19.19806816031479,51.07118942022485,1801934.0
7,Chad,1310.5691832923746,968.8782520017863,1827.264488339028,0.0,0.0,0.0,4.115849496421439,2.953732192154326,6.432795361439729,92.12502396064063,52.86203381565283,156.91158191155347,1120.7160843278125,837.374578050094,1562.350966208545,0.0,0.0,0.0,3.519614828516067,2.5243055093252695,5.4848793170972945,86.16639183661758,50.34298519352548,147.11754886873032,1057.8874898456418,780.460337924826,1476.931905798702,0.0,0.0,0.0,3.3223012931018756,2.379976869759824,5.167997360445933,86.95344881178579,50.62333936141235,148.31677675964406,1007.3336146648784,744.6411462781175,1404.8093473631886,0.0,0.0,0.0,3.1635365789933196,2.269900331592294,4.946043724143454,70.85862753077856,40.65337140768979,120.72203685275083,189.85309896456224,131.50367395169243,264.9135221304828,0.0,0.0,0.0,0.5962346679053717,0.42942668282905705,0.9479160443424344,5.958632124023063,2.5190486221273463,9.794033042823166,252.6816934467329,188.41791407696044,350.33258254032603,0.0,0.0,0.0,0.7935482033195635,0.5737553223945027,1.2647980009937951,5.958632124023063,2.2386944542404774,8.594805151909418,303.2355686274964,224.23710572366892,422.45514097583936,0.0,0.0,0.0,0.9523129174281195,0.6838318605620322,1.4867516372962741,5.958632124023063,12.208662407963033,36.189545058802636,7205453.809460912
8,Comoros,26.305365445478426,22.5876280803456,30.447512427190365,0.10343747972533608,0.07279244533160928,0.14534868130236148,0.06734173554042247,0.049245400321852,0.0868792502543636,1.987548989941946,1.3948222402373949,2.819337485553921,20.947605315811245,17.98972282040755,24.276568094680705,0.08236979275727943,0.058098811099625565,0.11530408337047414,0.05362586960847493,0.03901212368356341,0.06926047512211299,1.7983293403634935,1.2614848213262269,2.5459814971942545,19.20003583827493,16.404208239366415,22.33595115535637,0.07549803183170219,0.05333935849784908,0.10620760368516279,0.04915209174598264,0.035513903956344225,0.06392083778426774,1.8131929324681486,1.2725196187801677,2.5691303233058917,17.361943060591244,14.908149951827955,20.095882323485135,0.0682703168311628,0.04804409673637047,0.09593263035803491,0.04444657423511214,0.03250256921466636,0.057341885395384956,1.3118360215258558,0.920620337444467,1.8608458949679998,5.357760129667182,4.5979052599380505,6.170944332509657,0.02106768696805665,0.014693634231983714,0.03004459793188732,0.013715865931947525,0.010233276638288586,0.01761877513225062,0.18921964957845266,0.133337418911168,0.27335598835966657,7.105329607203497,6.1834198409791865,8.111561271833992,0.027939447893633874,0.019453086833760198,0.039141077617198684,0.018189643794439825,0.013731496365507781,0.022958412470095873,0.18921964957845266,0.1223026214572272,0.25020716224802947,8.943422384887182,7.679478128517643,10.351630103705233,0.035167162894173265,0.024748348595238806,0.04941605094432655,0.022895161305310323,0.01674283110718563,0.02953736485897865,0.18921964957845266,0.47420190279292773,0.9584915905859217,287365.0
9,Congo,1186.3586302673216,919.8001533540523,1611.2330099590126,1.5719251851042013,1.03206783716739,2.521165814695474,3.0370780934843444,2.145686342624083,4.478050454072026,80.06177520218183,53.48209443835722,129.20638498406748,962.8010884119474,751.6714040369103,1299.874560532571,1.2757114421458298,0.8427176906125264,2.042251330263489,2.464770786334585,1.7563211014260376,3.622070855325212,73.26085903862266,48.57818710056691,117.98267596555884,888.7837984954066,697.3043337735775,1192.2605604103446,1.1776385330064134,0.7870203488104255,1.8941523114927166,2.2752865241482403,1.6360221440700953,3.326336828833046,74.01361530288145,49.07654093449973,119.40360178867853,821.694576818586,636.9756520083214,1116.2340299825987,1.0887453142846264,0.7147675140941416,1.7466852593201827,2.1035381166555807,1.4858860997340642,3.1026366272486543,55.493046587874865,37.06887662124296,89.57956437447686,223.5575418553746,168.12874931714188,311.3584494264416,0.2962137429583714,0.1893501465548633,0.47891448443198475,0.5723073071497591,0.3893652411980449,0.855979598746814,6.80091616355917,4.903907337790309,11.223709018508627,297.5748317719153,222.4958195804748,418.972449548668,0.39428665209778785,0.24504748835696427,0.6270135032027574,0.7617915693361034,0.509664198553987,1.1517136252389797,6.80091616355917,4.405553503857491,9.802783195388955,364.66405344873584,282.8245013457309,494.99897997641386,0.48317987081957503,0.3173003230732481,0.7744805553752913,0.9335399768287637,0.659800242890018,1.3754138268233718,6.80091616355917,16.413217817114262,39.62682060959062,1989888.0
10,CÃ´te d'Ivoire,1702.7933482552803,1172.0249398080916,1760.8295251075617,0.0,0.0,0.0,4.835074899654915,2.958677115254795,5.665813626390877,79.20910424600983,44.03150106363012,99.04737418968998,1386.0197096359186,954.0119621149688,1438.3932496829057,0.0,0.0,0.0,3.935597420176757,2.4175167518827405,4.6337943380924695,72.77416733889837,40.11121646186277,91.91950307376509,1281.0479888055038,874.1670248660878,1329.7713267808672,0.0,0.0,0.0,3.6375306388607713,2.2345688471659813,4.297730261052027,73.63022382539609,40.672703946656945,92.87944397640433,1186.797358688652,816.5629701101717,1227.2468654736797,0.0,0.0,0.0,3.3699063517318724,2.0611253669089726,3.949238712355409,55.27109236760611,30.71225011354553,69.06771204850034,316.77363861936163,218.01297769312274,322.4362754246558,0.0,0.0,0.0,0.8994774794781571,0.5411603633720539,1.0320192882984072,6.4349369071114495,3.9202846017673463,7.12787111592488,421.7453594497765,297.85791494200373,431.0581983266942,0.0,0.0,0.0,1.1975442607941436,0.7241082680888137,1.3680833653388496,6.4349369071114495,3.3587971169731707,6.167930213285638,515.9959895666285,355.4619696979199,533.5826596338816,0.0,0.0,0.0,1.4651685479230423,0.8975517483458215,1.7165749140354682,6.4349369071114495,13.319250950084587,29.979662141189635,10162791.0
11,Democratic Republic of the Congo,1749.461738859186,1502.440266684029,2121.8291929341053,1.2611432310001156,0.8592378969462897,1.9284519455909659,4.478622051479516,3.386006609303649,6.014998915159635,138.62551906144577,94.4037439495282,209.059581636063,1475.8768341556404,1266.2716736415623,1782.0069155653505,1.0639227128219473,0.7280037729933988,1.6228611398938106,3.7782446954384397,2.868087596824236,5.063834926431396,129.1855519879917,87.93095917433902,194.33932953498908,1385.0160969124183,1188.618319966444,1670.8484149518868,0.9984234788617395,0.6824206288921969,1.52064170216324,3.545641208095791,2.6902281275216935,4.7510605942161535,130.34376515259638,88.68357030287332,196.40741479896366,1295.9617727973236,1112.859947775984,1572.1369012935606,0.9342264429652707,0.636506429630593,1.428451877869684,3.3176621383611486,2.5078378870494498,4.456736553191001,102.77892122610261,69.99511451803798,154.98317565026085,273.5849047035455,236.16859304246668,339.82227736875535,0.1972205181781683,0.13123412395289094,0.30559080569715513,0.7003773560410765,0.5179190124794132,0.9511639887282375,9.439967073454072,6.472784775189186,14.720252101073902,364.4456419467676,313.821946717585,450.9807779822192,0.2627197521383761,0.17681726805409292,0.4078102434277259,0.932980843383725,0.6957784817819556,1.2639383209434802,9.439967073454072,5.720173646654883,12.652166837099344,453.4999660618622,389.58031890804494,549.692291640545,0.32691678803484486,0.2227314673156967,0.500000067721282,1.1609599131183672,0.8781687222541993,1.5582623619686324,9.439967073454072,24.408629431490215,54.07640598580213,39442470.0
12,Equatorial Guinea,1406.0867520915626,1094.3196572434179,1960.9971009528758,0.0,0.0,0.0,3.5995820853544,2.5698288283000608,5.523766840125795,129.33932072093197,80.72553463364407,208.88926404711134,1232.2676838527154,952.3073596089234,1720.4601109596783,0.0,0.0,0.0,3.154605270662951,2.268313592227661,4.859316794411736,122.61128283316098,76.22776930083658,198.99093296677574,1174.6791739251753,917.0510232603252,1628.2659806415602,0.0,0.0,0.0,3.007178685248449,2.1676404289547913,4.577499206514101,123.49760513978835,76.93613599361186,200.36934701495215,1108.723149763385,862.8133401997432,1546.6442664382819,0.0,0.0,0.0,2.8383312633942652,2.0260319073695396,4.356717077950274,102.03964322155993,63.685766812245014,164.81971557859703,173.81906823884734,142.01229763449444,240.5369899931974,0.0,0.0,0.0,0.4449768146914492,0.301515236072399,0.66445004571406,6.728037887770985,4.497765332807483,9.898331080335579,231.40757816638722,177.26863398309268,332.7311203113157,0.0,0.0,0.0,0.5924034001059513,0.4021883993452694,0.9462676336116942,6.728037887770985,3.7893986400321973,8.519917032159185,297.36360232817765,231.50631704367473,414.3528345145941,0.0,0.0,0.0,0.7612508219601347,0.5437969209305209,1.167049762175521,6.728037887770985,17.039767821399057,44.069548468514284,501026.0
13,Eritrea,361.4543670650085,284.4291933300827,448.0660432435094,0.0748210539824564,0.04521809298570745,0.10909487213827221,0.9253231796864214,0.6547314309093658,1.249006487381212,1.5223575500130777,0.9330795621413727,2.2295452656230643,278.4536199230683,219.07170297275627,344.8534877274708,0.057639899324074644,0.03495221366668509,0.08389300757304534,0.7128412670030544,0.5058386451630686,0.9593178087502182,1.3594953941712418,0.8380771816488226,1.9886160370713308,251.30107205338516,196.66426815440616,311.4944400467122,0.05201932191505027,0.031420473375047775,0.07577478416686768,0.6433307444566656,0.45436852434266223,0.8679247561639084,1.372832998052305,0.8428986592635622,2.012494537035155,224.1866048965677,176.4018132739638,277.92521948124846,0.04640662721358905,0.02804590393784299,0.06766630896221866,0.573917708535213,0.40605308016309677,0.7747437514768653,0.9444982548025487,0.5789054208550266,1.38331889092355,83.00074714194024,65.35749035732643,103.21255551603866,0.01718115465838177,0.010265879319022357,0.025201864565226884,0.21248191268336714,0.14889278574629708,0.28968867863099373,0.1628621558418356,0.09500238049254996,0.24092922855173307,110.15329501162336,87.76492517567654,136.5716031967972,0.022801732067406138,0.013797619610659681,0.03332008797140454,0.2819924352297559,0.2003629065667036,0.3810817312173035,0.1628621558418356,0.09018090287781043,0.21705072858790941,137.2677621684408,108.02738005611891,170.1408237622609,0.028414426768867365,0.017172189047864456,0.041428563176053555,0.35140547115120857,0.248678350746269,0.4742627359043466,0.1628621558418356,0.35417414128634606,0.8462263746995139,1128777.0
14,Eswatini,1.0281334969976028,0.8652513983461163,1.1963526826020456,8.086942325451626e-05,5.228466950960945e-05,0.00011786179962806639,0.002632021752313875,0.001958336732211189,0.003398209138879548,0.005220053981565133,0.003297670877384521,0.007627948340377872,0.8556701759572478,0.7197130872471635,0.9943536200814165,6.73040551911077e-05,4.3404901270112543e-05,9.83350392000776e-05,0.002190515650450568,0.0016230335091858155,0.0028450824957149765,0.004855837884597865,0.003061575817944571,0.007116723077758199,0.7999077966193454,0.6761505442564925,0.9255518602358888,6.29179793852668e-05,4.039341032015084e-05,9.166027862354321e-05,0.0020477639593455355,0.0015178431636700968,0.0026682146850071685,0.0048973019891676035,0.0030845880913306207,0.007174807684449123,0.7114689621740397,0.5987544185926512,0.8278767650488283,5.5961686690029405e-05,3.618101886185368e-05,8.156043302600852e-05,0.001821360543165559,0.001355169893481315,0.0023515629878440845,0.0036122824470513765,0.0022819912730068976,0.005278547763965019,0.17246332104035508,0.14553831109895277,0.20199906252062919,1.3565368063408571e-05,8.879768239496904e-06,1.9526760427988775e-05,0.00044150610186330673,0.0003353032230253734,0.0005531266431645718,0.00036421609696726863,0.0002360950594399496,0.0005112252626196716,0.22822570037825737,0.18910085408962385,0.27080082236615677,1.795144386924948e-05,1.1891259189458602e-05,2.6201521004523163e-05,0.0005842577929683396,0.00044049356854109184,0.0007299944538723799,0.00036421609696726863,0.00021308278605389994,0.00045314065592874853,0.31666453482356327,0.26649697975346504,0.3684759175532173,2.4907736564486863e-05,1.6103650647755764e-05,3.630136660205786e-05,0.0008106612091483162,0.000603166838729874,0.0010466461510354637,0.00036421609696726863,0.0010156796043776233,0.0023494005764128525,86226.59099483254
15,Ethiopia,262.632384549888,200.651685082748,338.4170785620431,0.5746615434271996,0.3721708987915543,0.8724304413653369,0.6723389044477134,0.45818380824796445,0.9353821175865417,5.796935768127466,3.7808109053433383,8.956462845758091,220.7786020842288,169.1414957010478,285.873035447397,0.4830819795771319,0.313586485914107,0.7325661713058972,0.5651932213356258,0.38381477624040566,0.7865744258114742,5.334211124580282,3.4698854328965925,8.244414168407628,207.12713875937214,158.04703036640225,267.0290220376061,0.4532114402004017,0.295170296060718,0.6902002587702932,0.5302454752239927,0.3599608089984253,0.7361527587217956,5.352585973572158,3.478517047416685,8.28256939283175,194.37816565251683,148.50329898988906,250.47327663953428,0.4253156246281769,0.275447559911167,0.6457072549596838,0.4976081040704432,0.33909422825228075,0.6923216354561396,4.290897788360011,2.798509201735689,6.62973387787094,41.85378246565922,31.5101893817002,52.544043114646136,0.09157956385006771,0.05858441287744728,0.13986427005943963,0.1071456831120876,0.0743690320075587,0.14880769177506753,0.46272464354718384,0.3109254724467458,0.7120486773504635,55.505245790515886,42.604654716345784,71.38805652443698,0.12145010322679776,0.07700060273083632,0.18223018259504348,0.14209342922372065,0.09822299924953905,0.19922935886474602,0.46272464354718384,0.30229385792665425,0.6738934529263427,68.25421889737117,52.14838609285896,87.94380192250884,0.1493459187990226,0.09672333888038732,0.2267231864056531,0.17473080037727015,0.11908957999568369,0.24306048213040204,0.46272464354718384,0.9823017036076497,2.326728967887151,26910260.05471788
16,Gabon,1137.4906226661412,886.2723903233407,1639.0793448334227,0.0,0.0,0.0,2.9119759940253216,2.047746450622277,4.395865452714679,81.58383806458762,51.58522532456351,149.79810768881129,936.5092346464512,726.6946998759212,1356.9690076554464,0.0,0.0,0.0,2.397463640694915,1.6845326639199696,3.6429915471146193,75.439292829105,47.20765015801891,139.16268542386553,871.0361451688257,675.5830491905225,1272.9583477817257,0.0,0.0,0.0,2.229852531632193,1.5683973587493814,3.3977791782366156,76.25989809540611,47.81315605712165,140.6231574379566,796.9128610383281,620.8449803177735,1148.5558404389587,0.0,0.0,0.0,2.040096924258119,1.4343881231754365,3.0808306527275486,57.19501798704114,36.1642411784658,105.02004872246964,200.9813880196901,159.57769044741946,282.110337177976,0.0,0.0,0.0,0.514512353330407,0.36321378670230753,0.7528739056000595,6.1445452354826395,4.377575166544607,10.635422264945731,266.45447749731574,210.68934113281816,366.1209970516969,0.0,0.0,0.0,0.6821234623931283,0.47934909187289554,0.9980862744780629,6.1445452354826395,3.772069267441872,9.17495025085467,340.5777616278133,265.427410005567,490.5235043944638,0.0,0.0,0.0,0.8718790697672022,0.6133583274468406,1.3150347999871295,6.1445452354826395,15.42098414609771,44.77805896634162,709155.0
17,Gambia,460.16335743441437,384.4054557692431,604.071957977379,0.7162265672559941,0.4834222635383851,1.0802474845879793,2.6053400667886724,1.9726070869783254,3.6115562429097308,8.869412424500213,5.944761199339108,13.379136486150161,369.97314368278853,307.9922421203008,482.3033110888895,0.5758489684059637,0.3877893929344619,0.8697091958833151,2.094703629264774,1.5777438352760338,2.915409382966201,8.038934300977013,5.339537461868789,12.18554147515887,340.25455264650975,283.9911400138495,445.1129832369074,0.529593124480728,0.36000353997422874,0.7947956930551462,1.9264437391531215,1.4474971575461055,2.679039298667508,8.083142509063785,5.3759277102400675,12.263298658475042,309.4927592519494,258.53813427658224,406.3402628049091,0.4817135762079943,0.3251228837813211,0.7265402488335527,1.752277475016051,1.3265211379904172,2.4296048515828046,5.969113672887907,4.000865971568091,9.005298589757446,90.19021375162583,76.41321364894229,121.76864688848958,0.14037759885003048,0.09563287060392323,0.21053828870466407,0.5106364375238982,0.3948632517022916,0.6961468599435298,0.8304781235231985,0.6052237374703178,1.1935950109912918,119.90880478790464,100.41431575539355,158.95897474047172,0.18663344277526617,0.12341872356415637,0.285451791532833,0.6788963276355511,0.5251099294322198,0.9325169442422222,0.8304781235231985,0.5688334890990405,1.1158378276751193,150.67059818246497,125.8673214926608,197.73169517247,0.2345129910479998,0.15829937975706404,0.3537072357544266,0.8530625917726212,0.6460859489879082,1.1819513913269255,0.8304781235231985,1.9438952277710162,4.373837896392717,1002183.0
18,Ghana,959.7962342431368,809.9596211527071,1213.1111050524526,0.5559919623176571,0.38022540754183015,0.8346413817055375,2.4570783596624306,1.8090171870658043,3.4111645103572905,128.92209794340698,84.12546502932875,197.15616448907699,729.6421675301233,612.7556415212401,928.4813019589276,0.4226680268595592,0.28683708048374756,0.6364820485860972,1.8678839488771155,1.374566419661999,2.588418306014854,115.19064110582411,74.81374640338801,176.6669772172905,654.2167813619938,545.0091547055732,831.7615493898558,0.37897551487835246,0.25245810160959337,0.5752958726776936,1.6747949602867045,1.2302276823327452,2.3417626102873763,116.93676557830045,75.60995420647441,179.5007609711141,584.165756549649,492.93493828987664,738.3665655552318,0.3383962696612763,0.2314295764902964,0.50803884662363,1.4954643367671017,1.100781692695145,2.076712881152084,78.53440781978787,51.251275698534315,120.11988058791549,230.15406671301355,197.20397963146698,284.62980309352474,0.1333239354580979,0.09338832705808252,0.19815933311944023,0.5891944107853149,0.4344507674038049,0.8227462043424363,13.731456837582876,9.311718625940765,20.48918727178647,305.579452881143,264.95046644713386,381.3495556625967,0.17701644743930464,0.12776730593223673,0.259345509027844,0.7822833993757262,0.5787895047330591,1.0694019000699135,13.731456837582876,8.515510822854358,17.655403517962917,375.63047769348776,317.02468286283045,474.7445394972208,0.21759569265638073,0.14879583105153368,0.32660253508190756,0.961614022895329,0.7082354943706594,1.3344516292052069,13.731456837582876,32.87418933079445,77.03628390116151,9709155.0
19,Guinea,2018.9159155608252,1638.498163515152,2774.812773977278,0.7152730672272495,0.4758582099975196,1.1169138215128824,5.168424743835713,3.719845216964696,7.829580752146955,133.73635086653803,84.05504245278463,209.7324510897661,1787.065082595042,1454.7578619682815,2445.7265509092817,0.6331316292622308,0.42237789892951394,0.9831185071456623,4.574886611443308,3.2924669936247555,6.915801600414311,127.0006859568479,79.36167646250442,200.16240565352498,1710.2896421763064,1394.14946667273,2323.700308684932,0.6059311875138792,0.40375080462157376,0.9363950132736895,4.3783414839713455,3.15548502896766,6.56819597341811,127.86237841471032,79.78865211473796,201.47760364485552,1640.6556342678539,1331.3694091446232,2255.2990956337253,0.5812608532834566,0.38668433391627494,0.9077212107836782,4.2000784237257065,3.0223820556701653,6.364684078915069,108.75140916134481,68.36198105755375,170.57755968945935,231.85083296578318,183.74030154687088,329.0862230679965,0.08214143796501878,0.05348031106800566,0.13379531436722,0.5935381323924052,0.427378223339941,0.9137791517326433,6.73566490969012,4.69336599028022,9.570045436241134,308.62627338451887,244.3486968424226,451.11246529234535,0.10934187971337025,0.0721074053759458,0.18051880823919297,0.7900832598643676,0.5643601879970361,1.261384778728845,6.73566490969012,4.2663903380466826,8.254847444910567,378.2602812929711,307.12875437052895,519.5136783435527,0.1340122139437928,0.08917387608124461,0.20919261072920428,0.968346320110006,0.6974631612945307,1.4648966732318862,6.73566490969012,15.6930613952309,39.15489140030675,5152604.0
20,Guinea-Bissau,550.6035987569427,405.5909172223136,1125.5659156988079,1.0523777252194195,0.7292610121925795,2.411070027251955,3.5084584516798465,2.2904249024893355,7.606027362094712,40.778490455604796,25.644801424109048,93.14852781117649,457.61311055221887,339.22008556131084,925.1122521978169,0.874643473818113,0.6019118595255302,1.9889682668184834,2.915920980068226,1.9320797877575522,6.291559875158052,37.56789177406647,23.472736740509763,85.8379681874263,427.06733094427153,309.53377226040465,867.2830536685053,0.816260822249111,0.5505054526165511,1.8450512106161192,2.7212825889087795,1.8305046639271787,5.87001346945143,37.911191516660075,23.586058185724617,86.76856952458814,403.37747607458493,297.11036269651754,825.1533266984089,0.7709820125304252,0.5342582939964982,1.7675171078928908,2.570330303590878,1.6776968320217427,5.5766158631425835,29.895574797969118,18.804821862507325,68.37114764011773,92.9904882047238,66.37083166100271,200.45366350099093,0.1777342514013066,0.12734915266704935,0.42210176043347153,0.5925374716116211,0.35834511473178315,1.3144674869366595,3.210598681538324,2.1720646835992876,7.310559623750198,123.5362678126711,96.05714496190895,258.28286203030257,0.23611690297030874,0.1787555595760284,0.566018816635836,0.787175862771067,0.4599202385621567,1.7360138926432809,3.210598681538324,2.0587432383844377,6.3799582865883595,147.22612268235775,108.480554525796,300.4125890003987,0.2813957126889945,0.1950027181960813,0.6435529193590642,0.9381281480889687,0.6127280704675927,2.029411498952128,3.210598681538324,6.839979561601726,24.777380171058766,715588.0
21,Kenya,331.0314819751777,253.02284446599595,482.4886991747265,0.5681603668967271,0.36959929472628794,0.9323054392744572,1.1723066250115126,0.7947468907992008,1.8237046761312337,24.15854460729259,15.36788716736838,39.87116568796748,256.560872214473,196.90495044182433,371.7811908354357,0.44034397701077166,0.28469504225903913,0.7248409069028128,0.9085782670009367,0.6192284208259904,1.4133771038339982,21.650954609109338,13.729926589322822,35.82328479951708,232.15675250245215,177.54557663509777,339.19377818126526,0.3984583728783733,0.2532383128216662,0.6580836323091103,0.8221541267793689,0.5661205466525256,1.2991034773552288,21.91809132482948,13.824525931596533,36.194559324137735,210.6285325602574,160.97531492768,307.04530399977006,0.36150877138425325,0.23517084730662974,0.5932568360361667,0.745914626196665,0.5056257744420686,1.1605900522853871,15.377126642739425,9.78245345264066,25.381727225073416,74.47060976070465,56.11789402417163,110.70750833929073,0.12781638988595548,0.08490425246724884,0.20746453237164456,0.2637283580105756,0.17551846997321052,0.4103275722972355,2.5075899981832555,1.6379605780455575,4.047880888450398,98.87472947272555,75.47726783089819,143.29492099346118,0.16970199401835379,0.1163609819046217,0.27422180696534704,0.3501524982321434,0.2286263441466751,0.524601198776005,2.5075899981832555,1.543361235771847,3.6766063638297433,120.40294941492036,92.04752953831597,175.44339517495644,0.20665159551247386,0.1344284474196582,0.33904860323829067,0.4263919988148473,0.2891211163571323,0.6631146238458464,2.5075899981832555,5.58543371472772,14.489438462894068,16748838.0
22,Liberia,2040.1519810398895,1617.5624071976315,2773.942271128246,16.570114390005987,10.199235736302997,27.014638031513154,5.222789071462118,3.5086749014403313,7.862518882112807,373.2437999957941,232.73354540451712,624.1231027868868,1718.2476680923162,1365.3588349469576,2339.4993328446208,13.955607560245793,8.626615854455192,22.893447192293653,4.39871403031633,2.9596748436304816,6.598907038070753,346.60183734182175,216.3797561903102,583.5470204147784,1611.650560124587,1280.9702037310822,2185.7495675291157,13.089825849331895,8.082518350426527,21.433234145489525,4.125825433918943,2.7779176523528952,6.230096506825279,348.95405906122977,217.43301172687683,587.2319194234584,1503.4325902776893,1191.7897592745398,2044.859034691532,12.210879498235391,7.5158508506002795,19.912978315110472,3.848787431110884,2.5848544887970553,5.797133666612619,275.3212613619886,171.66537016699226,460.6099632536755,321.9043129475735,252.20357225067403,434.4429382836249,2.614506829760192,1.572619881847807,4.1211908392195005,0.8240750411457887,0.5490000578098504,1.2636118440420547,26.64196265397232,16.353789214206927,40.57608237210826,428.5014209153027,336.5922034665494,588.19270359913,3.480288540674092,2.116717385876472,5.581403886023629,1.0969636375431757,0.7307572490874366,1.6324223752875293,26.64196265397232,15.300533677640301,36.89118336342834,536.7193907622005,425.7726479230918,729.0832364367138,4.359234891770594,2.683384885702718,7.101659716402687,1.374001640351234,0.9238204126432766,2.0653852155001884,26.64196265397232,61.06817523752484,163.51313953321124,1798543.0
23,Madagascar,847.8863598000081,708.9305850962281,1032.6801068833795,0.0,0.0,0.0,2.170589081088021,1.6549810715084938,2.9886981059447324,23.053684978552674,14.527702521688035,32.54170477871425,734.8167261321223,614.2012867820287,894.5183404692144,0.0,0.0,0.0,1.8811308188982332,1.4353050495678035,2.586870027051359,21.707180494535937,13.700763363162773,30.62100043311875,697.5511929625833,584.6754129467238,850.4067890658097,0.0,0.0,0.0,1.7857310539842133,1.3650219531669747,2.455363326565477,21.882734585144757,13.81587987523218,30.87598738650374,661.6200917605929,553.1700540346676,805.8593624125824,0.0,0.0,0.0,1.693747434907118,1.2913302790340957,2.332351850772638,17.995226730753558,11.339400324577644,25.402131206646025,113.06963366788581,94.72929831419951,138.1617664141652,0.0,0.0,0.0,0.28945826218978765,0.2196760219406903,0.4018280788933727,1.3465044840167386,0.8269391585252613,1.9207043455954989,150.33516683742485,124.25517214950438,182.27331781756988,0.0,0.0,0.0,0.3848580271038076,0.28995911834151905,0.533334779379255,1.3465044840167386,0.7118226464558546,1.665717392210508,186.26626803941528,155.76053106156064,226.8207444707973,0.0,0.0,0.0,0.4768416461809029,0.3636507924743979,0.6563462551720943,1.3465044840167386,3.188302197110392,7.139573572068225,10125435.0
24,Malawi,1305.4939419949428,1031.8420492801952,1904.9818729069793,1.765550007153961,1.1936915690838101,3.0508029380106474,3.3420644915070543,2.454024297704112,5.50459444134547,105.64044996810672,68.34883438750639,185.13218622896173,1016.1240189822747,805.8815759813938,1473.04771871557,1.3742061232716283,0.9112925927779351,2.3637650530889305,2.601277488594624,1.8843646591328025,4.278116563890806,95.36112995062264,60.676981425924446,166.4085305867211,920.3408754832294,730.5333409352465,1319.3284590505887,1.244669000003519,0.8216519054292812,2.164815716146336,2.356072641237067,1.7150602914022295,3.836544914025685,96.53024287610492,61.499846897615974,168.61529230529536,820.9367887176495,648.7538786487032,1198.5571974547631,1.1102349130617488,0.7506649564434354,1.9191979144573648,2.101598179117183,1.5427760058271567,3.4637346618382154,66.50067983664741,43.033227200025856,116.6180477411217,289.3699230126681,225.96047329880133,431.9341541914092,0.3913438838823323,0.28239897630587507,0.6870378849217166,0.7407870029124302,0.5696596385713096,1.226477877454664,10.279320017484078,7.671852961581934,18.723655642240633,385.15306651171363,301.3087083449485,585.6534138563904,0.5208810071504415,0.37203966365452895,0.8859872218643114,0.9859918502699871,0.7389640063018825,1.6680495273197848,10.279320017484078,6.84898748989041,16.516893923666352,484.5571532772935,383.08817063149183,706.4246754522162,0.6553150940922119,0.44302661264037474,1.1316050235532829,1.2404663123898716,0.9112482918769553,2.0408597795072545,10.279320017484078,25.315607187480527,68.51413848784001,7284487.0
25,Mali,2112.5655580835705,1765.5129768406787,2709.1894776715817,0.579406313730361,0.3493777434792737,0.88849156676872,5.408167828693942,3.957324539354396,7.643993851015749,103.08180189572832,61.782224182082956,161.95482118716316,1705.2488812255963,1429.3617525544912,2174.6376425375674,0.4676929264907857,0.28127938968644994,0.7224747936019359,4.365437135937528,3.2057906691937776,6.128512168929152,94.17892384906166,56.25509463790013,149.1660132030567,1569.6607823454735,1315.0169982902817,2002.5831230568758,0.43050563057126556,0.2585613434190292,0.6660732336066226,4.018331602804413,2.9481579599841727,5.650632143459932,95.30927374488185,57.004741670702366,150.79033721170316,1464.1913628575721,1223.4090228897066,1878.0669488549397,0.40157888445305184,0.24210046464341578,0.6159240120801255,3.7483298889153853,2.74196893543,5.300395617043826,71.54090698609417,42.86329609271901,112.45364152886003,407.31667685797413,336.1512242861878,534.5518351340143,0.11171338723957533,0.06809835379282375,0.16601677316678407,1.0427306927564146,0.7515338701606183,1.515481682086597,8.902878046666673,5.527129544182823,12.788807984106489,542.9047757380969,450.4959785503973,706.6063546147062,0.14890068315909535,0.09081640006024452,0.22241833316209733,1.3898362258895294,1.0091665793702234,1.9933617075558177,8.902878046666673,4.777482511380588,11.164483975460026,648.3741952259984,542.1039539509725,831.1225288166419,0.17782742927730913,0.1072772788358579,0.2725675546885945,1.6598379397785572,1.2153556039243962,2.3435982339719232,8.902878046666673,18.918928089363945,49.501179658303144,9046509.0
26,Mauritania,172.69498968302042,125.07512317447922,247.84929465600837,0.0,0.0,0.0,1.0299136295476106,0.7027414928182917,1.6186693542770219,9.437100267916211,5.653407784531136,16.23575188234484,145.1705520274667,105.05230552295893,208.21218489355414,0.0,0.0,0.0,0.8657641453088364,0.5909986810076423,1.3494763486981776,8.793643523523434,5.185367870922052,15.08685213311459,136.1197086130674,97.83059683249671,194.66453619820484,0.0,0.0,0.0,0.8117869742947799,0.5550692651187887,1.2714824438010819,8.876858832914282,5.260607288656793,15.188449342950848,125.7546586496438,91.07562673220559,180.49470535312676,0.0,0.0,0.0,0.7499721744105102,0.5117023581431621,1.1788505498710602,6.8734206443829535,4.117587497199383,11.826664183262917,27.524437655553722,20.022817651520263,39.63710976245423,0.0,0.0,0.0,0.1641494842387743,0.11174281181064935,0.26919300557884424,0.6434567443927781,0.46803991360908387,1.1488997492302482,36.575281069953036,27.244526341982496,53.18475845780357,0.0,0.0,0.0,0.2181266552528307,0.147672227699503,0.34718691047593975,0.6434567443927781,0.3928004958743445,1.0473025393939919,46.94033103337662,33.99949644227361,67.35458930288164,0.0,0.0,0.0,0.27994145513710034,0.19103913467512965,0.4398188044059616,0.6434567443927781,1.5358202873317528,4.4090876990819226,1672649.0
27,Mozambique,1998.399153794429,1688.201127158033,2470.777776660239,1.1980402926997384,0.8193606658375663,1.8173806415365898,5.11590183371374,3.7597009711092824,7.001611808519518,175.47729954692412,118.36989467093044,264.7292956822582,1702.346150156028,1441.3053618804142,2099.0162566097406,1.0205565170185202,0.6974893276942369,1.5447485320937042,4.358006144399432,3.1944911220829866,5.946892592608879,164.12119129726264,110.20367546105473,247.32856250594352,1604.0153445772603,1359.758912327242,1978.8156572584383,0.96160719907405,0.658442791656829,1.455264224778134,4.106279282117787,3.0031260899695265,5.657103593060875,165.55023650307643,111.2523960766282,249.4486432949436,1512.4446156716137,1277.7100308203082,1870.187507677578,0.9067105470951159,0.6200673343405704,1.3754934712609426,3.871858216119331,2.8448020414764943,5.300365964913916,132.92669393725518,89.65731702548236,200.56860969826525,296.0530036384012,246.89576527761866,371.7615200504981,0.1774837756812183,0.1218713381433294,0.2726321094428857,0.7578956893143078,0.5652098490262956,1.0547192159106387,11.35610824966148,8.16621920987572,17.400733176314677,394.38380921716885,328.442214830791,491.96211940180063,0.23643309362568848,0.16091787418073733,0.3621164167584559,1.009622551595953,0.7565748811397561,1.3445082154586423,11.35610824966148,7.117498594302224,15.280652387314612,485.95453812281534,410.49109633772446,600.5902689826607,0.2913297456046226,0.19929333149699593,0.4418871702756472,1.2440436175944085,0.9148989296327882,1.7012458436056026,11.35610824966148,28.71257764544808,64.16068598399292,12862197.0
28,Namibia,47.15864160783656,40.14177736928989,55.15453249447511,0.014973070103744157,0.010243247145038903,0.021284800321327863,0.12072612251606044,0.09235475211086297,0.15762893609185963,1.070188149682233,0.7193468939746516,1.5378843264051658,36.37073243886986,30.95758429750714,42.42860497628394,0.011547862872310166,0.007853399879971787,0.016436256805881178,0.09310907504350592,0.07139531855988532,0.12115316103090108,0.9584833188636771,0.6418222019850178,1.3793315731535736,32.87229564868788,27.981564475089485,38.411021572831,0.01043709425118384,0.0070715275184776985,0.014893172201962953,0.08415307686064034,0.0644531375453752,0.10976854783458732,0.9714754188817182,0.6520870728799688,1.399940355762452,29.617018127383332,25.210162714290863,34.638661817071146,0.00940352973634996,0.006433026765924811,0.013367550759020696,0.07581956640610026,0.05800102464184415,0.09899652173074594,0.6721355601117478,0.45178654695781717,0.9658813191134994,10.787909168966703,9.18419307178275,12.725927518191165,0.0034252072314339896,0.002389847265067114,0.004848543515446687,0.027617047472554508,0.020959433550977666,0.03647577506095854,0.11170483081855573,0.07752469198963381,0.1585527532515924,14.286345959148678,12.160212894200408,16.74351092164412,0.004535975852560316,0.003171719626561203,0.006391628119364911,0.036573045655420085,0.027901614565487783,0.047860388257272284,0.11170483081855573,0.0672598210946828,0.13794397064271416,17.541623480453232,14.931614654999025,20.515870677403953,0.005569540367394196,0.00381022037911409,0.007917249562307169,0.04490655610996017,0.034353727469018824,0.05863241436111368,0.11170483081855573,0.2675603470168345,0.5720030072916665,591841.0541323422
29,Niger,1896.8407538581478,1394.9091053599907,2859.4691588762726,0.0,0.0,0.0,4.855912329876858,3.1721386488562495,7.775811235901318,94.67309046181205,51.89109803385021,176.35536119201404,1508.1766837845114,1125.9404701852761,2284.6566615883394,0.0,0.0,0.0,3.8609323104883497,2.554500031113574,6.197708862309744,86.05847668387723,45.90594788920606,160.68290985068063,1377.7630434812838,1043.002425828577,2100.374813887138,0.0,0.0,0.0,3.5270733913120873,2.3445271075184793,5.6666026359529695,87.18559980063043,46.6523018841026,163.17844456543764,1276.6554472292262,938.4287585978129,1925.4340655157207,0.0,0.0,0.0,3.268237944906819,2.1340604512223686,5.237121770409724,63.80455982702289,34.97263266880464,118.93806571101746,388.66407007363625,268.9686351747144,574.8124972879325,0.0,0.0,0.0,0.9949800193885088,0.6176386177426756,1.5781023735915722,8.614613777934835,5.985150144644156,15.672451341333407,519.0777103768638,351.9066795314136,759.0943449891347,0.0,0.0,0.0,1.3288389385647708,0.8276115413377702,2.109208599948347,8.614613777934835,5.238796149747621,13.17691662657637,620.1853066289214,456.4803467621776,934.0350933605512,0.0,0.0,0.0,1.587674384970039,1.038078197633881,2.538689465491593,8.614613777934835,16.918465365045574,57.417295480996565,12730586.0
30,Nigeria,1804.5761767980553,1492.9265735115985,2226.9527408282383,8.896560551614385,6.167400416796276,13.338096783876853,4.619715012603021,3.4265199975295704,6.334675882468577,216.75726871728574,149.6327518063767,322.96074058047407,1560.1090189827905,1299.3812330079443,1923.1331118829632,7.691337463585134,5.319458387211412,11.490797618609221,3.9938790885959436,2.9701595133157284,5.461228845273594,203.376065126333,139.8002895148735,303.6393340303086,1479.1072734944887,1234.6867080571906,1821.628253359033,7.291998858327809,5.0543224527762005,10.845278562295931,3.786514620145892,2.806340983843213,5.19294811560946,204.59497595758867,140.77595002313956,305.55071324213986,1401.5933575780316,1159.4162099918724,1729.6784006554872,6.909855252859675,4.7901679349736925,10.35885793383039,3.5880789953997607,2.6609050701675625,4.921317027106353,168.47164250841075,116.30453085416492,250.9794617198431,244.46715781526478,193.54534050365424,303.8196289452752,1.2052230880292507,0.8479420295848643,1.8472991652676323,0.6258359240070774,0.45636048421384234,0.8734470371949827,13.381203590952696,9.832462291503212,19.321406550165484,325.4689033035663,258.2398654544078,405.32448746920574,1.6045616932865758,1.1130779640200767,2.492818221580923,0.8332003924571293,0.6201790136863573,1.1417277668591177,13.381203590952696,8.85680178323712,17.410027338334206,402.9828192200238,333.5103635197262,497.27434017275147,1.9867052987547102,1.3772324818225834,2.979238850046466,1.0316360172032606,0.765614927362008,1.413358855362224,13.381203590952696,33.32822095221178,71.98127886063094,82920324.0
31,Rwanda,1326.0182598217427,1092.309834285171,1604.9391277339787,8.080514181124617,5.362255526616272,11.693108376665855,3.3946067451436615,2.3847021504792596,4.655322032015741,77.550724725473,52.30365787054885,114.72122074947994,1053.1872616915125,872.4357376932932,1270.1808635850625,6.417931684155024,4.2818753460604055,9.33161642957456,2.6961593899302723,1.900669070265744,3.694129133306158,69.85522647528074,47.30369968148669,104.10869461809403,963.8081451885477,800.3119812554639,1162.6617182339537,5.873271598934413,3.91990357774528,8.525143119140507,2.467348851682682,1.7360383860118187,3.3683973446934177,70.11532558371914,47.361452764218484,104.43754483481798,860.3320536161966,708.5484577906409,1041.5227294148135,5.242707110727337,3.4783149635298036,7.587693417405204,2.202450057257463,1.5467466916425303,3.021360639943381,50.360257586730455,33.954034395016514,74.5205817127981,272.8309981302301,219.8740965918778,334.75826414891606,1.6625824969695937,1.0803801805558666,2.3614919470912943,0.698447355213389,0.48403308021351543,0.9611928987095839,7.695498250192261,4.9999581890621565,10.612526131385886,362.21011463319496,291.9978530297071,442.27740950002453,2.207242582190205,1.4423519488709915,3.1679652575253465,0.927257893460979,0.6486637644674405,1.286924687322324,7.695498250192261,4.94220510633036,10.283675914661933,465.68620620554617,383.7613764945301,563.4163983191651,2.83780707039728,1.8839405630864678,4.10541495926065,1.192156687886198,0.8379554588367292,1.6339613920723606,7.695498250192261,18.34962347553233,40.20063903668182,4348869.0
32,Sao Tome and Principe,43.379641186501686,37.12876764597118,50.86980725099647,0.005870711440573146,0.0037724228541847968,0.008332378197366642,0.11105188143743944,0.08132767619117956,0.14525196033863808,0.1727333899557582,0.11365441229843286,0.24358024626753483,33.52694363876046,28.524541464238755,39.28058421843713,0.004537313039112185,0.002936089709568703,0.006416879977685586,0.08582897571522062,0.06277559717577433,0.11208691137737173,0.15514624993567672,0.10182048627541486,0.2188033023976003,30.288558455766392,25.655023195708146,35.433402574442056,0.004099051577680327,0.002689990232042851,0.005783028932271079,0.0775387096467563,0.056990795344624146,0.10099539319217496,0.1567910320845631,0.10301146330444051,0.22124998745659574,26.549607958189398,22.72385221448846,31.133926454910167,0.003593046943674915,0.002308822445694895,0.005099688349435766,0.06796699637295872,0.04977440915674865,0.08889947605253866,0.10572176003478602,0.06956160334685176,0.14908492493919978,9.852697547741228,8.604226181732425,11.58922303255934,0.0013333984014609604,0.0008363331446160938,0.0019154982196810566,0.025222905722218823,0.01855207901540524,0.03316504896126635,0.01758714002008149,0.011833926023018016,0.024776943869934568,13.091082730735298,11.47374445026303,15.436404676554424,0.0017716598628928183,0.001082432622141946,0.0025493492650955634,0.033513171790683145,0.024336880846555418,0.04425656714646312,0.01758714002008149,0.010642948993992353,0.022330258810939075,16.830033228312292,14.404915431482719,19.735880796086306,0.002277664496898231,0.0014636004084899016,0.0032326898479308756,0.04308488506448071,0.031553267034430926,0.05635248428609943,0.01758714002008149,0.044092808951581096,0.09449532132833505,75335.0
33,Senegal,274.1060485169547,222.5469197761551,346.3106681842624,0.006161427264489525,0.004232329478519823,0.009533378642047109,1.2103873994466028,0.8861751088421177,1.6659057859154296,3.4560056983683674,2.2700263708476713,5.330642029910676,217.21507939905558,176.54694251463297,272.55084881770154,0.004882617219535019,0.0033210091084755707,0.007557312528858508,0.9591703521206602,0.7005345397353433,1.3166579105269147,3.1377324614841013,2.043175439355157,4.884270211177863,198.5099397283892,161.34628116943657,245.52543085755448,0.00446215821041617,0.0030184602442765575,0.006830805491242854,0.8765728848821257,0.6379769672049269,1.1902625638968558,3.178362043115087,2.073243369001852,4.933189582709809,180.98461589063228,146.9375695352877,228.67888813543672,0.004068219409367433,0.0027944429555653845,0.006295277226881066,0.7991852049706037,0.5850650315862639,1.100050657201558,2.2826853340374935,1.4993819468126295,3.521076988766396,56.890969117899125,45.99997726152208,73.7598193665608,0.0012788100449545054,0.0009113203700442524,0.0019760661131886003,0.2512170473259426,0.18564056910677437,0.3492478753885149,0.31827323688426623,0.22685093149251412,0.4463718187328127,75.59610878856545,61.20063860671851,100.78523732670787,0.0016992690540733554,0.0012138692342432659,0.0027025731508042543,0.3338145145644771,0.24819814163719084,0.4756432220185738,0.31827323688426623,0.19678300184581943,0.397452447200868,93.1214326263224,75.6093502408674,117.63178004882568,0.0020932078551220918,0.0014378865229544386,0.003238101415166042,0.41120219447599915,0.30111007725585387,0.5658551287138713,0.31827323688426623,0.7706444240350416,1.8095650411442794,6253431.000000001
34,Sierra Leone,2023.961602464149,1539.980579291706,2906.436484289857,0.0,0.0,0.0,12.4064794623284,8.767605629895977,19.855697713538117,306.25892656259435,192.63309921201997,513.3901217061725,1572.07867982303,1215.4519424753303,2264.053444805934,0.0,0.0,0.0,9.636527605386846,6.9848425591571015,15.328569943609669,277.54192292606564,174.33419716574326,470.5548003005538,1421.9256132336354,1103.3244527443185,2058.7492394742585,0.0,0.0,0.0,8.716119365142106,6.316870425576797,13.761403262253753,281.66056098018464,177.05481903875904,476.15858848984334,1285.2577458322526,977.1608661505868,1847.944126577608,0.0,0.0,0.0,7.878372696425098,5.56109490411488,12.641733349943134,195.25927095074746,122.77670094052523,327.84101807141303,451.8829226411191,324.52863681637547,642.3830394839237,0.0,0.0,0.0,2.7699518569415558,1.782763070738875,4.527127769928449,28.71700363652866,18.29890204627665,42.835321405618714,602.0359892305135,436.65612654738715,847.6872448155992,0.0,0.0,0.0,3.690360097186295,2.45073520431918,6.094294451284365,28.71700363652866,15.578280173260907,37.231533216329126,738.7038566318964,562.8197131411189,1058.4923577122495,0.0,0.0,0.0,4.528106765903304,3.206510725781097,7.2139643635949815,28.71700363652866,69.8563982714947,185.54910363475946,2667543.0
35,South Africa,0.5053669115219969,0.42808127593351936,0.5871463641030416,2.3456784876071247e-06,1.598153415232971e-06,3.31426208429634e-06,0.006149599580628702,0.004491800718479781,0.008066272464515484,0.0006927260791481394,0.0004653545939546059,0.0009952714349440073,0.40098525819462116,0.33984776232053926,0.4659490412644166,1.8611873325105333e-06,1.2671336732670102e-06,2.6363224063421215e-06,0.00487942269153614,0.00358143997861293,0.0063903241746495745,0.0006294887380513184,0.000422339019542108,0.0009065030556354059,0.3672847407448175,0.31062930861029703,0.42549456473520386,1.7047651825815663e-06,1.158808575811616e-06,2.4205167092418185e-06,0.004469335122976926,0.003288168059302934,0.005834339857914557,0.0006375380676635298,0.000427932509139961,0.0009175113006105668,0.3315214046160599,0.28082187048143675,0.3851689004977067,1.5387683864129305e-06,1.0483906334065968e-06,2.1741608324388843e-06,0.004034145972589332,0.0029466263001822687,0.005291488276055441,0.0004544300657188888,0.00030527364352986503,0.0006529006621505742,0.10438165332737565,0.08823351361298007,0.12119732283862507,4.844911550965919e-07,3.3101974196596084e-07,6.779396779542184e-07,0.001270176889092562,0.0009103607398668508,0.00167594828986591,6.323734109682107e-05,4.301557441249799e-05,8.876837930860136e-05,0.1380821707771793,0.11745196732322231,0.16165179936783783,6.409133050255588e-07,4.3934483942135505e-07,8.937453750545212e-07,0.0016802644576517757,0.001203632659176847,0.002231932606600928,6.323734109682107e-05,3.742208481464485e-05,7.776013433344059e-05,0.17384550690593698,0.14725940545208255,0.20197746360533492,8.069101011941944e-07,5.497627818263743e-07,1.1401012518574554e-06,0.0021154536080393704,0.0015451744182975115,0.0027747841884600433,6.323734109682107e-05,0.00016008095042474086,0.0003423707727934332,1242760.4836984808
36,South Sudan,1813.7938779723117,1338.2909832203795,2677.1394309090006,2.2700615388232497,1.513110425827256,3.7805547526314847,6.178307421105692,4.422822040237703,10.018041011728238,154.71085703853794,98.19324784848129,262.02795157591544,1595.6098307884251,1180.187651060692,2349.676101455766,1.9969923549914919,1.3265988098001502,3.335578286999178,5.435109346476586,3.8849834231342717,8.811499647522202,146.44093873877128,92.59102398140219,249.12595559024803,1523.4601553514187,1122.379988294936,2230.688558090779,1.906693117995926,1.2569102167701176,3.1809858808536497,5.189346649515036,3.6883496379284293,8.411845498506812,147.43108238629492,93.15996625551338,250.65998035733688,1459.736661045747,1076.931155828893,2155.395630751198,1.8269397042814397,1.2177366794799789,3.043446739575115,4.972285966628815,3.558612920632818,8.066415308131997,124.61345467362894,79.09394044898717,211.16752526570883,218.18404718388666,158.1033321596876,327.4633294532345,0.27306918383175766,0.1865116160271058,0.4449764656323068,0.7431980746291049,0.5378386171034307,1.2065413642060365,8.269918299766646,5.602223867079115,12.901995985667396,290.33372262089296,215.91099492544353,446.4508728182213,0.36336842082732396,0.25620020905713825,0.5995688717778347,0.9889607715906552,0.7344724023092729,1.6061955132214283,8.269918299766646,5.033281592967927,11.367971218578525,354.05721692656476,261.35982739148653,521.7438001578028,0.44312183454181,0.295373746347277,0.7371080130563693,1.206021454476877,0.8642091196048843,1.9516257035962414,8.269918299766646,19.099307399494144,50.8604263102066,4079392.0
37,Togo,1362.644769867709,1101.172868248004,1708.0609962337646,6.992411636576151,4.80788941181974,10.967258929722435,3.4883706108613364,2.4791721201229713,4.7411845128040255,118.47998596986214,79.68840411519167,187.05345138563453,1088.3993037426899,873.4350999100542,1367.1843318347276,5.585121027155613,3.8387598447216886,8.798558016923899,2.7863022175812864,1.9708007852306895,3.794468988038076,107.30219422080101,71.96157308240673,170.24981112592727,997.7622082507158,801.4605818124452,1251.0808335821957,5.120016771638548,3.510395926098164,8.054200547482168,2.5542712531218323,1.7949682611733637,3.4897585672186584,108.12434187799354,72.35942611192581,171.1061104709064,911.2953155607165,736.2907110467931,1142.2434136726235,4.676311911799817,3.21516588039866,7.336940805173969,2.332916007835434,1.6575603941511954,3.171699016789412,79.3070168023842,53.337571643489895,125.27781122259273,274.24546612501945,227.7377683379497,340.87666439903694,1.4072906094205366,0.969129567098052,2.1687009127985366,0.7020683932800499,0.5083713348922817,0.9467155247659497,11.177791749061134,7.726831032784954,16.80364025970728,364.8825616169935,299.7122864355586,456.9801626515689,1.8723948649376019,1.2974934857215763,2.913058382240267,0.9340993577395037,0.6842038589496076,1.2514259455853671,11.177791749061134,7.328978003265881,15.947340914728134,451.3494543069927,364.8821572012106,565.8175825611411,2.3160997247763335,1.5927235314210806,3.6303181245484666,1.1554546030259019,0.821611725971776,1.5694854960146138,11.177791749061134,26.350832471701782,61.77564016304179,2953960.0
38,Uganda,1683.6970338418137,1407.9713390221825,2317.238381728832,9.313946144312762,6.356235013218264,15.188719693743417,4.310264406635043,3.33006426254376,6.40370084109991,325.15906807838996,227.59734887349444,525.4645293454381,1305.9382798966112,1094.5299040660639,1791.1190352651433,7.224244363606962,4.974304555012141,11.785743667709095,3.343201996535325,2.585408040943871,4.90619332639761,291.83798542527796,202.8479841764964,474.774377351235,1181.4891363687502,998.3204319733615,1626.2040219543492,6.5358113514756075,4.586031884221036,10.542573317018858,3.0246121891040008,2.306016654508023,4.432944956606124,295.3113897260785,205.96378638462755,479.4099331146841,1072.5698225630135,896.8871561785367,1476.639179274863,5.933286905288668,4.049353571189225,9.679808335035677,2.745778745761315,2.120767623475831,4.081803084354217,207.41205660563742,145.19082607826758,335.321933150706,377.75875394520216,313.4414349561184,526.1193464636887,2.0897017807058,1.3819304582061218,3.4029760260343216,0.9670624100997179,0.7446562215998894,1.4975075147023011,33.321082653112065,24.749364696998025,50.69015199420304,502.20789747306327,409.65090704882107,691.0343597744826,2.7781347928371543,1.7702031289972273,4.64614637672456,1.2856522175310423,1.0240476080357377,1.9707558844937867,33.321082653112065,21.633562488866872,46.054596230753916,611.1272112788,511.08418284364575,840.5992024539688,3.3806592390240944,2.306881442029038,5.508911358707741,1.5644856608737274,1.2092966390679294,2.321897756745694,33.321082653112065,82.40652279522685,190.142596194732,18211723.0
39,United Republic of Tanzania,711.4987387704259,552.2039682389731,968.0153348926058,1.900633941209197,1.238905327836404,3.0932361635356296,2.449453848061525,1.727731997770126,3.7334775559798827,68.98295784832304,46.869200991985004,112.15383779609793,568.2277432555878,439.12101950893765,774.2183706715997,1.5179126487766672,1.0105349887365416,2.4553561839992697,1.956219394988713,1.3893383946969433,2.9809014922649286,62.563463291819204,42.44218575017254,101.05865679489473,520.7383751786365,404.05260640903475,704.0506483837955,1.391053808563384,0.9343866994600208,2.2736125184365643,1.7927292733068094,1.278535401383704,2.690814755778611,63.21990316597084,42.85681746105028,102.28963402996706,481.3434522069868,373.5397288838069,655.0162947057178,1.2858177432955316,0.838020004948169,2.0927841788264914,1.6571056377206745,1.1686222545102987,2.5264220739692567,46.69814976717053,31.72533704610551,75.93218115275224,143.27099551483818,113.08294873003548,193.79696422100605,0.3827212924325298,0.2283703390998622,0.6378799795363601,0.49323445307281144,0.3383936030731828,0.7525760637149532,6.41949455650383,4.427015241812467,11.095181001203176,190.7603635917894,148.15136182993842,263.9646865088104,0.509580132645813,0.30451862837638305,0.8196236450990649,0.6567245747547156,0.4491965963864219,1.042662800201271,6.41949455650383,4.012383530934728,9.864203766130847,230.15528656343912,178.66423935516627,312.9990401868879,0.6148161979136654,0.4008853228882348,1.0004519847091382,0.7923482103408502,0.5591097432598272,1.2070554820106256,6.41949455650383,15.143863945879497,36.22165664334569,24455006.0
40,Zambia,1069.3099723666965,863.817498702766,1387.0788233334542,1.546069461474746,1.0275017129235715,2.4058132270390806,2.7374335292587437,2.0117864034408024,4.012431838997114,98.67952332838493,66.79470922285746,158.18948631810088,826.6321330070136,674.5980407450093,1086.3959170029814,1.1951919740234143,0.8078010511670981,1.8547971326389663,2.1161782604979553,1.5474575529081473,3.083942725075734,88.44467353925181,59.50068014676189,143.2009359147427,746.1555619784305,608.2997925222445,988.6263863014757,1.0788343489690881,0.7347954349061956,1.6805022090628439,1.9101582386647822,1.3873164712961514,2.779378234963255,89.61264951159734,60.114664730605035,145.1007553818707,680.7770770597331,549.8822226803607,883.3207072194917,0.9843063995602127,0.6540702293968993,1.5319735611993184,1.7427893172729172,1.2805389771863849,2.5553702392806414,62.87849573963184,42.55992531825051,100.79232183318403,242.677839359683,189.21945795775684,300.68290633047314,0.350877487451332,0.21970066175647335,0.5510160944001149,0.6212552687607881,0.464328850532655,0.9284891139213802,10.234849789133136,7.294029076095581,14.988550403358186,323.1544103882662,255.5177061805215,398.4524370319786,0.467235112505658,0.29270627801737603,0.7253110179762371,0.8272752905939611,0.624469932144651,1.233053604033859,10.234849789133136,6.680044492252426,13.088730936230164,388.5328953069635,313.9352760224054,503.7581161139625,0.5617630619145335,0.37343148352667205,0.8738396658397628,0.9946442119858265,0.7312474262544173,1.4570615997164729,10.234849789133136,24.23478390460696,57.397164484916814,7427474.0
41,Zimbabwe,458.9766592425011,351.6950481220293,585.7340086761166,0.03680111673225109,0.022139765934441367,0.05679896551235219,1.174980247660803,0.7786655088572896,1.6276709067583954,1.1975023157890956,0.7703815221948512,1.8414505170178392,357.3753358035509,272.1726879607817,456.50338007354685,0.028654641113645584,0.0176209833174136,0.04398334075933174,0.9148808596570903,0.607115737791501,1.2678006875463113,1.069565660462911,0.691483954094133,1.6488537555796674,324.1844982876941,249.6607035765151,414.086659938621,0.025993373135709368,0.016289649851413474,0.039677008306392786,0.8299123156164969,0.5536971740941568,1.1527976554893657,1.0825162861320263,0.6986451382594915,1.6686805897762254,301.20747557897096,230.78375215832986,384.4133930605963,0.024151057022600557,0.014529026165684756,0.03727548799149155,0.7710911374821656,0.5109555688866505,1.0682771363775412,0.78613439250939,0.505750996143756,1.2088965206344136,101.60132343895026,79.52236016124756,129.2306286025698,0.008146475618605499,0.004518782617027764,0.012815624753020444,0.2600993880037127,0.17154977106578853,0.359870219212084,0.12793665532618465,0.0788975681007184,0.19259676143817187,134.79216095480706,102.03434454551414,171.64734873749566,0.010807743596541719,0.00585011608302789,0.017121957205959396,0.3450679320443061,0.22496833476313277,0.4748732512690296,0.12793665532618465,0.07173638393535993,0.172769927241614,157.7691836635302,120.91129596369942,201.32061561552035,0.012650059709650528,0.007610739768756608,0.01952347752086063,0.4038891101786373,0.26770993997063913,0.559393770380854,0.12793665532618465,0.26463052605109544,0.6325539963834258,3596450.521385781
